ensemble_size,replicate,accepted,full_order,accepted_n,fitted_window_end,first_attempt_reason,final_reason,vacf_rmse,kernel_log_rmse,kernel_nonpositive,kernel_relative_rmse,y1_adjustment,positive_real_min,riccati_residual,lyapunov_residual,interpolation_error,original_sample_rmse,newton_evaluations,regularized_max_real_eigenvalue,good_vacf_bad_kernel,y1_adjustment_over_sampling_sd
64,0,0,0,,,spectral_repair_required_unstable_pole,spectral_repair_required_unstable_pole,,,,,,,,,,,,,0,
64,1,0,0,,,newton_nonconvergence,sampled_non_positive_real,,,,,,,,,,,,,0,
64,2,0,0,,,newton_nonconvergence,sampled_non_positive_real,,,,,,,,,,,,,0,
64,3,0,0,,,spectral_repair_required_unstable_pole,spectral_repair_required_unstable_pole,,,,,,,,,,,,,0,
64,4,0,0,,,spectral_repair_required_unstable_pole,sampled_non_positive_real,,,,,,,,,,,,,0,
64,5,1,0,6,6.6,newton_nonconvergence,accepted,0.04458402704838367,,1,1.464653489842017,-0.1983553018658587,3.6269182324287554e-06,3.3364534939325125e-13,9.770802016415093e-09,6.439293542825908e-15,0.05726024346372176,4,-0.13562418754747907,0,2.142501777209155
64,6,0,0,,,spectral_repair_required_unstable_pole,spectral_repair_required_unstable_pole,,,,,,,,,,,,,0,
64,7,0,0,,,spectral_repair_required_unstable_pole,spectral_repair_required_unstable_pole,,,,,,,,,,,,,0,
64,8,0,0,,,spectral_repair_required_unstable_pole,newton_nonconvergence,,,,,,,,,,,,,0,
64,9,0,0,,,spectral_repair_required_unstable_pole,spectral_repair_required_unstable_pole,,,,,,,,,,,,,0,
64,10,0,0,,,spectral_repair_required_unstable_pole,spectral_repair_required_unstable_pole,,,,,,,,,,,,,0,
64,11,0,0,,,spectral_repair_required_unstable_pole,sampled_non_positive_real,,,,,,,,,,,,,0,
64,12,0,0,,,spectral_repair_required_unstable_pole,sampled_non_positive_real,,,,,,,,,,,,,0,
64,13,0,0,,,spectral_repair_required_unstable_pole,unstable_auxiliary_block,,,,,,,,,,,,,0,
64,14,0,0,,,spectral_repair_required_unstable_pole,unstable_auxiliary_block,,,,,,,,,,,,,0,
64,15,0,0,,,newton_nonconvergence,spectral_repair_required_unstable_pole,,,,,,,,,,,,,0,
64,16,0,0,,,newton_nonconvergence,sampled_non_positive_real,,,,,,,,,,,,,0,
64,17,0,0,,,spectral_repair_required_unstable_pole,sampled_non_positive_real,,,,,,,,,,,,,0,
64,18,1,0,4,4.2,spectral_repair_required_unstable_pole,accepted,0.08151102673119455,,1,2.476909761477897,-0.23209423297261866,2.7141129880003477e-05,2.962466629992644e-14,1.1724970464466268e-09,6.661338147750939e-16,0.08205770300461429,5,-0.16216748374677148,0,2.5069272257724355
64,19,1,0,4,4.2,spectral_repair_required_unstable_pole,accepted,0.05539249268757461,,1,1.2584262383971692,-0.16939159996767394,6.744403389635797e-06,3.516423881894547e-13,1.2896653639795355e-08,1.4613310561628623e-13,0.059888974506590725,5,-0.2514349287482598,0,1.8296551721137053
64,20,0,0,,,spectral_repair_required_unstable_pole,sampled_non_positive_real,,,,,,,,,,,,,0,
64,21,0,0,,,spectral_repair_required_unstable_pole,spectral_repair_required_unstable_pole,,,,,,,,,,,,,0,
64,22,0,0,,,spectral_repair_required_unstable_pole,spectral_repair_required_unstable_pole,,,,,,,,,,,,,0,
64,23,0,0,,,spectral_repair_required_unstable_pole,spectral_repair_required_unstable_pole,,,,,,,,,,,,,0,
64,24,1,0,4,4.2,spectral_repair_required_unstable_pole,accepted,0.05078270534740638,,1,1.101820593784297,-0.01502989192983839,3.869804044474186e-06,1.7155659645295196e-11,3.044449861340122e-07,7.502887200416808e-13,0.005313869252044885,3,-0.2839194152879715,0,0.1623428759807851
64,25,0,0,,,newton_nonconvergence,sampled_non_positive_real,,,,,,,,,,,,,0,
64,26,0,0,,,spectral_repair_required_unstable_pole,spectral_repair_required_unstable_pole,,,,,,,,,,,,,0,
64,27,0,0,,,spectral_repair_required_unstable_pole,sampled_non_positive_real,,,,,,,,,,,,,0,
64,28,1,0,4,4.2,spectral_repair_required_unstable_pole,accepted,0.05076415973004641,,1,1.31055376355303,-0.09311484155677452,7.892687033393702e-06,1.464552082138403e-13,8.607860447704853e-09,3.3056890558214036e-14,0.03292106794695326,4,-0.27160114668889734,0,1.0057644622721142
64,29,0,0,,,spectral_repair_required_unstable_pole,spectral_repair_required_negative_pole,,,,,,,,,,,,,0,
64,30,0,0,,,spectral_repair_required_unstable_pole,spectral_repair_required_negative_pole,,,,,,,,,,,,,0,
64,31,0,0,,,spectral_repair_required_unstable_pole,spectral_repair_required_unstable_pole,,,,,,,,,,,,,0,
64,32,0,0,,,spectral_repair_required_unstable_pole,sampled_non_positive_real,,,,,,,,,,,,,0,
64,33,0,0,,,spectral_repair_required_unstable_pole,spectral_repair_required_unstable_pole,,,,,,,,,,,,,0,
64,34,0,0,,,spectral_repair_required_unstable_pole,spectral_repair_required_unstable_pole,,,,,,,,,,,,,0,
64,35,0,0,,,spectral_repair_required_unstable_pole,sampled_non_positive_real,,,,,,,,,,,,,0,
64,36,0,0,,,spectral_repair_required_unstable_pole,spectral_repair_required_unstable_pole,,,,,,,,,,,,,0,
64,37,0,0,,,spectral_repair_required_unstable_pole,sampled_non_positive_real,,,,,,,,,,,,,0,
64,38,0,0,,,spectral_repair_required_unstable_pole,sampled_non_positive_real,,,,,,,,,,,,,0,
64,39,0,0,,,spectral_repair_required_unstable_pole,spectral_repair_required_unstable_pole,,,,,,,,,,,,,0,
64,40,0,0,,,spectral_repair_required_unstable_pole,sampled_non_positive_real,,,,,,,,,,,,,0,
64,41,0,0,,,spectral_repair_required_unstable_pole,sampled_non_positive_real,,,,,,,,,,,,,0,
64,42,0,0,,,spectral_repair_required_unstable_pole,spectral_repair_required_unstable_pole,,,,,,,,,,,,,0,
64,43,0,0,,,spectral_repair_required_unstable_pole,spectral_repair_required_unstable_pole,,,,,,,,,,,,,0,
64,44,0,0,,,spectral_repair_required_unstable_pole,sampled_non_positive_real,,,,,,,,,,,,,0,
64,45,1,0,4,4.2,spectral_repair_required_unstable_pole,accepted,0.03429618612133043,1.2268980178018118,0,0.5097513818753654,0.027506816965879866,1.4808323694006121e-06,5.895691955682626e-15,2.6980769232630456e-10,1.0547118733938987e-15,0.009725128402715296,4,-0.3087457278822301,0,0.29711030499512087
64,46,0,0,,,spectral_repair_required_negative_pole,spectral_repair_required_unstable_pole,,,,,,,,,,,,,0,
64,47,0,0,,,spectral_repair_required_unstable_pole,spectral_repair_required_unstable_pole,,,,,,,,,,,,,0,
64,48,0,0,,,spectral_repair_required_unstable_pole,sampled_non_positive_real,,,,,,,,,,,,,0,
64,49,0,0,,,spectral_repair_required_unstable_pole,sampled_non_positive_real,,,,,,,,,,,,,0,
64,50,0,0,,,spectral_repair_required_unstable_pole,sampled_non_positive_real,,,,,,,,,,,,,0,
64,51,0,0,,,newton_nonconvergence,spectral_repair_required_unstable_pole,,,,,,,,,,,,,0,
64,52,0,0,,,spectral_repair_required_unstable_pole,spectral_repair_required_unstable_pole,,,,,,,,,,,,,0,
64,53,0,0,,,spectral_repair_required_unstable_pole,spectral_repair_required_unstable_pole,,,,,,,,,,,,,0,
64,54,0,0,,,sampled_non_positive_real,spectral_repair_required_unstable_pole,,,,,,,,,,,,,0,
64,55,0,0,,,spectral_repair_required_unstable_pole,spectral_repair_required_unstable_pole,,,,,,,,,,,,,0,
64,56,0,0,,,spectral_repair_required_unstable_pole,spectral_repair_required_unstable_pole,,,,,,,,,,,,,0,
64,57,0,0,,,spectral_repair_required_unstable_pole,spectral_repair_required_unstable_pole,,,,,,,,,,,,,0,
64,58,1,0,4,4.2,sampled_non_positive_real,accepted,0.032202853538798516,,1,0.5985388417151373,0.023737179649848228,2.652807377166565e-07,2.694042871860672e-15,7.071332184728462e-11,6.661338147750939e-16,0.008392360348325422,3,-0.27677207322181263,0,0.2563931949755784
64,59,0,0,,,newton_nonconvergence,spectral_repair_required_unstable_pole,,,,,,,,,,,,,0,
64,60,0,0,,,spectral_repair_required_unstable_pole,spectral_repair_required_unstable_pole,,,,,,,,,,,,,0,
64,61,0,0,,,spectral_repair_required_unstable_pole,newton_nonconvergence,,,,,,,,,,,,,0,
64,62,0,0,,,spectral_repair_required_unstable_pole,spectral_repair_required_unstable_pole,,,,,,,,,,,,,0,
64,63,0,0,,,spectral_repair_required_unstable_pole,spectral_repair_required_unstable_pole,,,,,,,,,,,,,0,
64,64,0,0,,,spectral_repair_required_unstable_pole,spectral_repair_required_unstable_pole,,,,,,,,,,,,,0,
64,65,0,0,,,spectral_repair_required_unstable_pole,spectral_repair_required_unstable_pole,,,,,,,,,,,,,0,
64,66,0,0,,,spectral_repair_required_unstable_pole,sampled_non_positive_real,,,,,,,,,,,,,0,
64,67,0,0,,,spectral_repair_required_unstable_pole,sampled_non_positive_real,,,,,,,,,,,,,0,
64,68,0,0,,,spectral_repair_required_unstable_pole,spectral_repair_required_unstable_pole,,,,,,,,,,,,,0,
64,69,0,0,,,spectral_repair_required_unstable_pole,spectral_repair_required_unstable_pole,,,,,,,,,,,,,0,
64,70,0,0,,,spectral_repair_required_unstable_pole,newton_nonconvergence,,,,,,,,,,,,,0,
64,71,0,0,,,spectral_repair_required_unstable_pole,spectral_repair_required_unstable_pole,,,,,,,,,,,,,0,
64,72,0,0,,,spectral_repair_required_unstable_pole,spectral_repair_required_unstable_pole,,,,,,,,,,,,,0,
64,73,0,0,,,spectral_repair_required_unstable_pole,sampled_non_positive_real,,,,,,,,,,,,,0,
64,74,0,0,,,spectral_repair_required_unstable_pole,spectral_repair_required_unstable_pole,,,,,,,,,,,,,0,
64,75,0,0,,,spectral_repair_required_unstable_pole,spectral_repair_required_unstable_pole,,,,,,,,,,,,,0,
64,76,0,0,,,spectral_repair_required_unstable_pole,spectral_repair_required_unstable_pole,,,,,,,,,,,,,0,
64,77,0,0,,,spectral_repair_required_unstable_pole,sampled_non_positive_real,,,,,,,,,,,,,0,
64,78,0,0,,,spectral_repair_required_unstable_pole,sampled_non_positive_real,,,,,,,,,,,,,0,
64,79,0,0,,,newton_nonconvergence,sampled_non_positive_real,,,,,,,,,,,,,0,
64,80,0,0,,,spectral_repair_required_unstable_pole,unstable_auxiliary_block,,,,,,,,,,,,,0,
64,81,0,0,,,newton_nonconvergence,newton_nonconvergence,,,,,,,,,,,,,0,
64,82,0,0,,,spectral_repair_required_unstable_pole,spectral_repair_required_unstable_pole,,,,,,,,,,,,,0,
64,83,0,0,,,spectral_repair_required_unstable_pole,spectral_repair_required_unstable_pole,,,,,,,,,,,,,0,
64,84,0,0,,,spectral_repair_required_unstable_pole,spectral_repair_required_unstable_pole,,,,,,,,,,,,,0,
64,85,0,0,,,spectral_repair_required_unstable_pole,sampled_non_positive_real,,,,,,,,,,,,,0,
64,86,0,0,,,spectral_repair_required_unstable_pole,sampled_non_positive_real,,,,,,,,,,,,,0,
64,87,0,0,,,spectral_repair_required_unstable_pole,spectral_repair_required_unstable_pole,,,,,,,,,,,,,0,
64,88,0,0,,,spectral_repair_required_unstable_pole,spectral_repair_required_unstable_pole,,,,,,,,,,,,,0,
64,89,0,0,,,spectral_repair_required_unstable_pole,newton_nonconvergence,,,,,,,,,,,,,0,
64,90,0,0,,,spectral_repair_required_unstable_pole,sampled_non_positive_real,,,,,,,,,,,,,0,
64,91,0,0,,,spectral_repair_required_unstable_pole,sampled_non_positive_real,,,,,,,,,,,,,0,
64,92,0,0,,,newton_nonconvergence,spectral_repair_required_unstable_pole,,,,,,,,,,,,,0,
64,93,1,0,4,4.2,spectral_repair_required_unstable_pole,accepted,0.11554117008537879,,1,2.4010567232372404,-0.25785333395351717,1.896131529816612e-05,1.9625527686514803e-14,2.4085676626577235e-09,2.157996004115148e-15,0.09116492049504578,7,-0.13243381024508252,0,2.7851598674600653
64,94,0,0,,,spectral_repair_required_unstable_pole,newton_nonconvergence,,,,,,,,,,,,,0,
64,95,0,0,,,spectral_repair_required_unstable_pole,spectral_repair_required_unstable_pole,,,,,,,,,,,,,0,
64,96,0,0,,,spectral_repair_required_unstable_pole,spectral_repair_required_unstable_pole,,,,,,,,,,,,,0,
64,97,0,0,,,spectral_repair_required_unstable_pole,spectral_repair_required_unstable_pole,,,,,,,,,,,,,0,
64,98,0,0,,,unstable_auxiliary_block,sampled_non_positive_real,,,,,,,,,,,,,0,
64,99,0,0,,,spectral_repair_required_unstable_pole,spectral_repair_required_unstable_pole,,,,,,,,,,,,,0,
64,100,0,0,,,sampled_non_positive_real,spectral_repair_required_unstable_pole,,,,,,,,,,,,,0,
64,101,0,0,,,spectral_repair_required_unstable_pole,spectral_repair_required_unstable_pole,,,,,,,,,,,,,0,
64,102,0,0,,,spectral_repair_required_unstable_pole,spectral_repair_required_unstable_pole,,,,,,,,,,,,,0,
64,103,0,0,,,spectral_repair_required_unstable_pole,spectral_repair_required_unstable_pole,,,,,,,,,,,,,0,
64,104,0,0,,,spectral_repair_required_unstable_pole,newton_nonconvergence,,,,,,,,,,,,,0,
64,105,0,0,,,spectral_repair_required_unstable_pole,spectral_repair_required_unstable_pole,,,,,,,,,,,,,0,
64,106,0,0,,,spectral_repair_required_unstable_pole,spectral_repair_required_unstable_pole,,,,,,,,,,,,,0,
64,107,0,0,,,spectral_repair_required_unstable_pole,newton_nonconvergence,,,,,,,,,,,,,0,
64,108,0,0,,,spectral_repair_required_unstable_pole,unstable_auxiliary_block,,,,,,,,,,,,,0,
64,109,0,0,,,spectral_repair_required_unstable_pole,newton_nonconvergence,,,,,,,,,,,,,0,
64,110,0,0,,,spectral_repair_required_unstable_pole,newton_nonconvergence,,,,,,,,,,,,,0,
64,111,0,0,,,spectral_repair_required_unstable_pole,newton_nonconvergence,,,,,,,,,,,,,0,
64,112,0,0,,,spectral_repair_required_unstable_pole,spectral_repair_required_unstable_pole,,,,,,,,,,,,,0,
64,113,1,0,4,4.2,newton_nonconvergence,accepted,0.06622783999033229,,1,0.6741355980049382,-0.05228681606427754,2.6162680099032558e-06,1.7653844209701337e-15,1.1384979828912183e-10,1.4016565685892601e-15,0.018486181102852335,4,-0.20841879606995012,0,0.5647673406687231
64,114,0,0,,,spectral_repair_required_unstable_pole,sampled_non_positive_real,,,,,,,,,,,,,0,
64,115,0,0,,,spectral_repair_required_unstable_pole,spectral_repair_required_unstable_pole,,,,,,,,,,,,,0,
64,116,0,0,,,spectral_repair_required_unstable_pole,spectral_repair_required_unstable_pole,,,,,,,,,,,,,0,
64,117,0,0,,,spectral_repair_required_unstable_pole,spectral_repair_required_unstable_pole,,,,,,,,,,,,,0,
64,118,0,0,,,spectral_repair_required_unstable_pole,sampled_non_positive_real,,,,,,,,,,,,,0,
64,119,0,0,,,spectral_repair_required_unstable_pole,newton_nonconvergence,,,,,,,,,,,,,0,
64,120,1,0,4,4.2,spectral_repair_required_unstable_pole,accepted,0.0376849883956981,,1,0.7505587160682408,0.020223136644038964,1.9763766546883274e-06,5.0266504547490674e-14,2.261725424378945e-09,3.497202527569243e-15,0.007149958528931016,6,-0.28344885930911806,0,0.21843684435467456
64,121,1,0,4,4.2,spectral_repair_required_unstable_pole,accepted,0.04000562005801713,,1,0.7196373562317155,-0.049272611873479866,3.953528799787613e-07,8.182624255250337e-15,2.915082351576945e-10,1.970645868709653e-15,0.017420498991254772,3,-0.42018063658310956,0,0.5322099158108657
64,122,0,0,,,spectral_repair_required_unstable_pole,sampled_non_positive_real,,,,,,,,,,,,,0,
64,123,0,0,,,spectral_repair_required_unstable_pole,spectral_repair_required_unstable_pole,,,,,,,,,,,,,0,
64,124,0,0,,,newton_nonconvergence,sampled_non_positive_real,,,,,,,,,,,,,0,
64,125,0,0,,,spectral_repair_required_unstable_pole,spectral_repair_required_unstable_pole,,,,,,,,,,,,,0,
64,126,0,0,,,spectral_repair_required_unstable_pole,spectral_repair_required_unstable_pole,,,,,,,,,,,,,0,
64,127,0,0,,,spectral_repair_required_unstable_pole,spectral_repair_required_unstable_pole,,,,,,,,,,,,,0,
64,128,0,0,,,spectral_repair_required_unstable_pole,spectral_repair_required_unstable_pole,,,,,,,,,,,,,0,
64,129,0,0,,,spectral_repair_required_unstable_pole,spectral_repair_required_unstable_pole,,,,,,,,,,,,,0,
64,130,0,0,,,spectral_repair_required_unstable_pole,sampled_non_positive_real,,,,,,,,,,,,,0,
64,131,0,0,,,spectral_repair_required_unstable_pole,spectral_repair_required_unstable_pole,,,,,,,,,,,,,0,
64,132,0,0,,,spectral_repair_required_unstable_pole,sampled_non_positive_real,,,,,,,,,,,,,0,
64,133,0,0,,,spectral_repair_required_unstable_pole,newton_nonconvergence,,,,,,,,,,,,,0,
64,134,0,0,,,spectral_repair_required_unstable_pole,newton_nonconvergence,,,,,,,,,,,,,0,
64,135,0,0,,,spectral_repair_required_unstable_pole,spectral_repair_required_unstable_pole,,,,,,,,,,,,,0,
64,136,0,0,,,spectral_repair_required_unstable_pole,spectral_repair_required_unstable_pole,,,,,,,,,,,,,0,
64,137,0,0,,,spectral_repair_required_unstable_pole,sampled_non_positive_real,,,,,,,,,,,,,0,
64,138,0,0,,,spectral_repair_required_unstable_pole,sampled_non_positive_real,,,,,,,,,,,,,0,
64,139,0,0,,,spectral_repair_required_unstable_pole,unstable_auxiliary_block,,,,,,,,,,,,,0,
64,140,0,0,,,spectral_repair_required_unstable_pole,spectral_repair_required_unstable_pole,,,,,,,,,,,,,0,
64,141,0,0,,,newton_nonconvergence,sampled_non_positive_real,,,,,,,,,,,,,0,
64,142,0,0,,,newton_nonconvergence,spectral_repair_required_unstable_pole,,,,,,,,,,,,,0,
64,143,0,0,,,newton_nonconvergence,sampled_non_positive_real,,,,,,,,,,,,,0,
64,144,0,0,,,newton_nonconvergence,sampled_non_positive_real,,,,,,,,,,,,,0,
64,145,0,0,,,spectral_repair_required_unstable_pole,spectral_repair_required_unstable_pole,,,,,,,,,,,,,0,
64,146,0,0,,,spectral_repair_required_unstable_pole,spectral_repair_required_unstable_pole,,,,,,,,,,,,,0,
64,147,0,0,,,spectral_repair_required_unstable_pole,sampled_non_positive_real,,,,,,,,,,,,,0,
64,148,0,0,,,spectral_repair_required_unstable_pole,unstable_auxiliary_block,,,,,,,,,,,,,0,
64,149,0,0,,,spectral_repair_required_unstable_pole,spectral_repair_required_unstable_pole,,,,,,,,,,,,,0,
64,150,0,0,,,spectral_repair_required_unstable_pole,spectral_repair_required_unstable_pole,,,,,,,,,,,,,0,
64,151,0,0,,,newton_nonconvergence,spectral_repair_required_unstable_pole,,,,,,,,,,,,,0,
64,152,0,0,,,sampled_non_positive_real,spectral_repair_required_unstable_pole,,,,,,,,,,,,,0,
64,153,0,0,,,spectral_repair_required_unstable_pole,sampled_non_positive_real,,,,,,,,,,,,,0,
64,154,0,0,,,spectral_repair_required_unstable_pole,sampled_non_positive_real,,,,,,,,,,,,,0,
64,155,0,0,,,spectral_repair_required_unstable_pole,spectral_repair_required_unstable_pole,,,,,,,,,,,,,0,
64,156,0,0,,,spectral_repair_required_unstable_pole,spectral_repair_required_unstable_pole,,,,,,,,,,,,,0,
64,157,0,0,,,spectral_repair_required_unstable_pole,sampled_non_positive_real,,,,,,,,,,,,,0,
64,158,0,0,,,spectral_repair_required_unstable_pole,spectral_repair_required_unstable_pole,,,,,,,,,,,,,0,
64,159,0,0,,,spectral_repair_required_unstable_pole,spectral_repair_required_unstable_pole,,,,,,,,,,,,,0,
64,160,0,0,,,spectral_repair_required_unstable_pole,spectral_repair_required_unstable_pole,,,,,,,,,,,,,0,
64,161,0,0,,,spectral_repair_required_unstable_pole,sampled_non_positive_real,,,,,,,,,,,,,0,
64,162,0,0,,,spectral_repair_required_unstable_pole,spectral_repair_required_unstable_pole,,,,,,,,,,,,,0,
64,163,0,0,,,spectral_repair_required_unstable_pole,spectral_repair_required_unstable_pole,,,,,,,,,,,,,0,
64,164,1,0,4,4.2,spectral_repair_required_unstable_pole,accepted,0.09434597587706982,,1,1.0648894069543844,-0.11580420482338027,3.3163184795471982e-06,2.6938760412089593e-13,1.5057870620809482e-08,3.22519788653608e-14,0.04094296926026487,4,-0.19596407522515286,0,1.2508398429913132
64,165,1,0,4,4.2,spectral_repair_required_unstable_pole,accepted,0.18180912040496947,,1,1.221409802809972,-0.09221143140490617,2.4672319296583284e-06,1.7470162465866049e-12,1.2168667917530609e-08,1.249000902703301e-13,0.032601664224663505,4,-0.08772440012291526,0,0.9960064278877565
64,166,0,0,,,spectral_repair_required_unstable_pole,spectral_repair_required_unstable_pole,,,,,,,,,,,,,0,
64,167,0,0,,,spectral_repair_required_unstable_pole,spectral_repair_required_unstable_pole,,,,,,,,,,,,,0,
64,168,0,0,,,spectral_repair_required_unstable_pole,spectral_repair_required_unstable_pole,,,,,,,,,,,,,0,
64,169,0,0,,,spectral_repair_required_unstable_pole,spectral_repair_required_unstable_pole,,,,,,,,,,,,,0,
64,170,0,0,,,spectral_repair_required_unstable_pole,spectral_repair_required_negative_pole,,,,,,,,,,,,,0,
64,171,0,0,,,spectral_repair_required_unstable_pole,spectral_repair_required_unstable_pole,,,,,,,,,,,,,0,
64,172,0,0,,,spectral_repair_required_unstable_pole,spectral_repair_required_unstable_pole,,,,,,,,,,,,,0,
64,173,0,0,,,spectral_repair_required_unstable_pole,sampled_non_positive_real,,,,,,,,,,,,,0,
64,174,1,0,4,4.2,spectral_repair_required_unstable_pole,accepted,0.03309942284664093,,1,0.6558591191985621,-0.07600866543147666,1.2490590460575647e-06,1.2537166161668537e-14,5.58587163058632e-10,2.7755575615628914e-15,0.026873121377768372,4,-0.2909915393616084,0,0.820994948147966
64,175,0,0,,,spectral_repair_required_unstable_pole,sampled_non_positive_real,,,,,,,,,,,,,0,
64,176,1,0,4,4.2,spectral_repair_required_unstable_pole,accepted,0.051065113935205894,,1,0.55754895432841,0.021976349393404093,2.297129896529077e-07,1.2003296216713263e-15,6.413183348866397e-11,1.4988010832439613e-15,0.007769812840900806,3,-0.1553813646438097,0,0.23737388004772994
64,177,0,0,,,unstable_auxiliary_block,spectral_repair_required_unstable_pole,,,,,,,,,,,,,0,
64,178,0,0,,,newton_nonconvergence,spectral_repair_required_unstable_pole,,,,,,,,,,,,,0,
64,179,0,0,,,spectral_repair_required_unstable_pole,spectral_repair_required_unstable_pole,,,,,,,,,,,,,0,
64,180,0,0,,,spectral_repair_required_unstable_pole,sampled_non_positive_real,,,,,,,,,,,,,0,
64,181,0,0,,,spectral_repair_required_unstable_pole,spectral_repair_required_unstable_pole,,,,,,,,,,,,,0,
64,182,0,0,,,spectral_repair_required_unstable_pole,spectral_repair_required_unstable_pole,,,,,,,,,,,,,0,
64,183,1,0,4,4.2,spectral_repair_required_unstable_pole,accepted,0.04909491890313975,,1,0.7007553638573878,-0.025776374393845503,3.5289286784521465e-06,3.278449303197517e-15,2.2217368564113753e-10,9.71445146547012e-16,0.009113324564146033,3,-0.4772182167464225,0,0.27841921758244736
64,184,0,0,,,spectral_repair_required_unstable_pole,spectral_repair_required_unstable_pole,,,,,,,,,,,,,0,
64,185,0,0,,,spectral_repair_required_unstable_pole,spectral_repair_required_unstable_pole,,,,,,,,,,,,,0,
64,186,0,0,,,spectral_repair_required_unstable_pole,spectral_repair_required_unstable_pole,,,,,,,,,,,,,0,
64,187,0,0,,,spectral_repair_required_unstable_pole,sampled_non_positive_real,,,,,,,,,,,,,0,
64,188,0,0,,,spectral_repair_required_unstable_pole,sampled_non_positive_real,,,,,,,,,,,,,0,
64,189,0,0,,,spectral_repair_required_unstable_pole,spectral_repair_required_unstable_pole,,,,,,,,,,,,,0,
64,190,0,0,,,spectral_repair_required_unstable_pole,spectral_repair_required_unstable_pole,,,,,,,,,,,,,0,
64,191,0,0,,,spectral_repair_required_unstable_pole,spectral_repair_required_unstable_pole,,,,,,,,,,,,,0,
64,192,0,0,,,spectral_repair_required_unstable_pole,spectral_repair_required_unstable_pole,,,,,,,,,,,,,0,
64,193,0,0,,,spectral_repair_required_unstable_pole,newton_nonconvergence,,,,,,,,,,,,,0,
64,194,0,0,,,spectral_repair_required_unstable_pole,spectral_repair_required_unstable_pole,,,,,,,,,,,,,0,
64,195,0,0,,,spectral_repair_required_unstable_pole,spectral_repair_required_unstable_pole,,,,,,,,,,,,,0,
64,196,0,0,,,spectral_repair_required_unstable_pole,spectral_repair_required_unstable_pole,,,,,,,,,,,,,0,
64,197,0,0,,,spectral_repair_required_unstable_pole,spectral_repair_required_unstable_pole,,,,,,,,,,,,,0,
64,198,0,0,,,spectral_repair_required_unstable_pole,spectral_repair_required_unstable_pole,,,,,,,,,,,,,0,
64,199,0,0,,,spectral_repair_required_unstable_pole,spectral_repair_required_unstable_pole,,,,,,,,,,,,,0,
256,0,0,0,,,newton_nonconvergence,spectral_repair_required_negative_pole,,,,,,,,,,,,,0,
256,1,0,0,,,spectral_repair_required_unstable_pole,spectral_repair_required_unstable_pole,,,,,,,,,,,,,0,
256,2,0,0,,,spectral_repair_required_unstable_pole,spectral_repair_required_unstable_pole,,,,,,,,,,,,,0,
256,3,0,0,,,spectral_repair_required_unstable_pole,sampled_non_positive_real,,,,,,,,,,,,,0,
256,4,0,0,,,spectral_repair_required_unstable_pole,spectral_repair_required_unstable_pole,,,,,,,,,,,,,0,
256,5,0,0,,,newton_nonconvergence,spectral_repair_required_unstable_pole,,,,,,,,,,,,,0,
256,6,0,0,,,spectral_repair_required_unstable_pole,sampled_non_positive_real,,,,,,,,,,,,,0,
256,7,0,0,,,spectral_repair_required_unstable_pole,spectral_repair_required_unstable_pole,,,,,,,,,,,,,0,
256,8,0,0,,,spectral_repair_required_unstable_pole,sampled_non_positive_real,,,,,,,,,,,,,0,
256,9,0,0,,,spectral_repair_required_unstable_pole,spectral_repair_required_unstable_pole,,,,,,,,,,,,,0,
256,10,0,0,,,newton_nonconvergence,spectral_repair_required_unstable_pole,,,,,,,,,,,,,0,
256,11,1,0,5,5.3999999999999995,spectral_repair_required_unstable_pole,accepted,0.028976739259624486,,1,0.7439626687356301,-0.10618863456341132,6.576932386027894e-06,1.18115207844121e-13,2.5375220653347026e-09,3.497202527569243e-15,0.03357979468436658,4,-0.40603145421456555,0,2.321541371706749
256,12,0,0,,,newton_nonconvergence,sampled_non_positive_real,,,,,,,,,,,,,0,
256,13,0,0,,,spectral_repair_required_negative_pole,sampled_non_positive_real,,,,,,,,,,,,,0,
256,14,1,0,4,4.2,spectral_repair_required_unstable_pole,accepted,0.05260513714690649,,1,0.5557761296782849,-0.017896376188398788,3.1339863809311375e-06,1.370181195969598e-15,7.450647729894442e-11,2.4424906541753444e-15,0.006327324480741356,3,-0.2741446072855265,0,0.39125823489316197
256,15,0,0,,,spectral_repair_required_unstable_pole,spectral_repair_required_unstable_pole,,,,,,,,,,,,,0,
256,16,0,0,,,spectral_repair_required_unstable_pole,sampled_non_positive_real,,,,,,,,,,,,,0,
256,17,0,0,,,spectral_repair_required_unstable_pole,sampled_non_positive_real,,,,,,,,,,,,,0,
256,18,0,0,,,spectral_repair_required_unstable_pole,sampled_non_positive_real,,,,,,,,,,,,,0,
256,19,1,0,4,4.2,spectral_repair_required_unstable_pole,accepted,0.05963442684072218,,1,0.5572221641906451,-0.027607379925064124,1.7462546076345258e-06,4.3543394283159663e-14,4.0527740096245217e-10,1.740274591099933e-14,0.009760682777903179,4,-0.2528666913454658,0,0.6035643543583745
256,20,0,0,,,spectral_repair_required_unstable_pole,spectral_repair_required_unstable_pole,,,,,,,,,,,,,0,
256,21,1,0,5,5.3999999999999995,spectral_repair_required_unstable_pole,accepted,0.022518028785559432,0.5999350839933196,0,0.45589505252230605,-0.00849822399923017,2.9092137581775196e-06,3.1699735137434257e-15,1.2611001055708167e-10,7.771561172376096e-16,0.0026873743903871997,4,-0.29025472254976037,0,0.18579180984253751
256,22,1,0,4,4.2,spectral_repair_required_unstable_pole,accepted,0.03248765175718829,0.9213823843216491,0,0.45534149330952056,0.09456207790093585,5.698012931822139e-07,3.059990379513951e-15,1.327174845816809e-10,9.71445146547012e-16,0.03343274326342131,5,-0.3016594856904799,0,2.067356614426427
256,23,0,0,,,spectral_repair_required_unstable_pole,newton_nonconvergence,,,,,,,,,,,,,0,
256,24,0,0,,,spectral_repair_required_unstable_pole,spectral_repair_required_unstable_pole,,,,,,,,,,,,,0,
256,25,0,0,,,spectral_repair_required_unstable_pole,spectral_repair_required_unstable_pole,,,,,,,,,,,,,0,
256,26,0,0,,,spectral_repair_required_unstable_pole,sampled_non_positive_real,,,,,,,,,,,,,0,
256,27,0,0,,,spectral_repair_required_unstable_pole,sampled_non_positive_real,,,,,,,,,,,,,0,
256,28,0,0,,,spectral_repair_required_unstable_pole,sampled_non_positive_real,,,,,,,,,,,,,0,
256,29,0,0,,,sampled_non_positive_real,spectral_repair_required_unstable_pole,,,,,,,,,,,,,0,
256,30,0,0,,,spectral_repair_required_unstable_pole,spectral_repair_required_unstable_pole,,,,,,,,,,,,,0,
256,31,0,0,,,spectral_repair_required_unstable_pole,spectral_repair_required_unstable_pole,,,,,,,,,,,,,0,
256,32,0,0,,,spectral_repair_required_unstable_pole,spectral_repair_required_unstable_pole,,,,,,,,,,,,,0,
256,33,0,0,,,spectral_repair_required_unstable_pole,spectral_repair_required_unstable_pole,,,,,,,,,,,,,0,
256,34,0,0,,,spectral_repair_required_unstable_pole,spectral_repair_required_unstable_pole,,,,,,,,,,,,,0,
256,35,0,0,,,spectral_repair_required_unstable_pole,newton_nonconvergence,,,,,,,,,,,,,0,
256,36,0,0,,,newton_nonconvergence,sampled_non_positive_real,,,,,,,,,,,,,0,
256,37,0,0,,,spectral_repair_required_unstable_pole,newton_nonconvergence,,,,,,,,,,,,,0,
256,38,0,0,,,spectral_repair_required_unstable_pole,newton_nonconvergence,,,,,,,,,,,,,0,
256,39,0,0,,,spectral_repair_required_unstable_pole,sampled_non_positive_real,,,,,,,,,,,,,0,
256,40,0,0,,,spectral_repair_required_unstable_pole,spectral_repair_required_unstable_pole,,,,,,,,,,,,,0,
256,41,0,0,,,newton_nonconvergence,sampled_non_positive_real,,,,,,,,,,,,,0,
256,42,0,0,,,spectral_repair_required_unstable_pole,spectral_repair_required_unstable_pole,,,,,,,,,,,,,0,
256,43,0,0,,,sampled_non_positive_real,spectral_repair_required_unstable_pole,,,,,,,,,,,,,0,
256,44,0,0,,,newton_nonconvergence,spectral_repair_required_unstable_pole,,,,,,,,,,,,,0,
256,45,0,0,,,spectral_repair_required_unstable_pole,spectral_repair_required_unstable_pole,,,,,,,,,,,,,0,
256,46,0,0,,,spectral_repair_required_unstable_pole,sampled_non_positive_real,,,,,,,,,,,,,0,
256,47,0,0,,,spectral_repair_required_unstable_pole,spectral_repair_required_unstable_pole,,,,,,,,,,,,,0,
256,48,0,0,,,spectral_repair_required_unstable_pole,sampled_non_positive_real,,,,,,,,,,,,,0,
256,49,0,0,,,spectral_repair_required_unstable_pole,spectral_repair_required_unstable_pole,,,,,,,,,,,,,0,
256,50,0,0,,,spectral_repair_required_unstable_pole,spectral_repair_required_unstable_pole,,,,,,,,,,,,,0,
256,51,0,0,,,spectral_repair_required_unstable_pole,spectral_repair_required_unstable_pole,,,,,,,,,,,,,0,
256,52,0,0,,,spectral_repair_required_unstable_pole,sampled_non_positive_real,,,,,,,,,,,,,0,
256,53,0,0,,,spectral_repair_required_unstable_pole,spectral_repair_required_unstable_pole,,,,,,,,,,,,,0,
256,54,0,0,,,spectral_repair_required_unstable_pole,newton_nonconvergence,,,,,,,,,,,,,0,
256,55,1,0,4,4.2,spectral_repair_required_unstable_pole,accepted,0.028638823939107435,,1,0.6932871288540784,-0.0656476021100526,6.197816432465628e-08,6.479740977237639e-15,2.843648815589927e-10,1.4849232954361469e-15,0.02320993231032741,3,-0.3445919378267778,0,1.4352159708845438
256,56,0,0,,,spectral_repair_required_unstable_pole,spectral_repair_required_negative_pole,,,,,,,,,,,,,0,
256,57,0,0,,,spectral_repair_required_unstable_pole,sampled_non_positive_real,,,,,,,,,,,,,0,
256,58,1,0,4,4.2,newton_nonconvergence,accepted,0.03945183234040915,1.0797560261414283,0,0.41298843272434765,0.0855030955124999,1.741714158071331e-06,3.322563835538399e-15,1.3475829171571744e-10,1.3877787807814457e-15,0.03022990932466487,6,-0.2784405294183444,0,1.8693052647053965
256,59,0,0,,,spectral_repair_required_unstable_pole,spectral_repair_required_negative_pole,,,,,,,,,,,,,0,
256,60,0,0,,,spectral_repair_required_unstable_pole,sampled_non_positive_real,,,,,,,,,,,,,0,
256,61,0,0,,,spectral_repair_required_unstable_pole,sampled_non_positive_real,,,,,,,,,,,,,0,
256,62,0,0,,,spectral_repair_required_unstable_pole,spectral_repair_required_unstable_pole,,,,,,,,,,,,,0,
256,63,0,0,,,spectral_repair_required_unstable_pole,spectral_repair_required_negative_pole,,,,,,,,,,,,,0,
256,64,0,0,,,newton_nonconvergence,sampled_non_positive_real,,,,,,,,,,,,,0,
256,65,0,0,,,spectral_repair_required_unstable_pole,sampled_non_positive_real,,,,,,,,,,,,,0,
256,66,0,0,,,spectral_repair_required_unstable_pole,newton_nonconvergence,,,,,,,,,,,,,0,
256,67,0,0,,,spectral_repair_required_unstable_pole,newton_nonconvergence,,,,,,,,,,,,,0,
256,68,0,0,,,spectral_repair_required_unstable_pole,spectral_repair_required_unstable_pole,,,,,,,,,,,,,0,
256,69,0,0,,,spectral_repair_required_unstable_pole,spectral_repair_required_unstable_pole,,,,,,,,,,,,,0,
256,70,0,0,,,spectral_repair_required_unstable_pole,spectral_repair_required_unstable_pole,,,,,,,,,,,,,0,
256,71,0,0,,,spectral_repair_required_unstable_pole,spectral_repair_required_unstable_pole,,,,,,,,,,,,,0,
256,72,0,0,,,spectral_repair_required_unstable_pole,sampled_non_positive_real,,,,,,,,,,,,,0,
256,73,0,0,,,spectral_repair_required_unstable_pole,newton_nonconvergence,,,,,,,,,,,,,0,
256,74,0,0,,,spectral_repair_required_unstable_pole,sampled_non_positive_real,,,,,,,,,,,,,0,
256,75,0,0,,,spectral_repair_required_unstable_pole,sampled_non_positive_real,,,,,,,,,,,,,0,
256,76,0,0,,,spectral_repair_required_unstable_pole,sampled_non_positive_real,,,,,,,,,,,,,0,
256,77,0,0,,,spectral_repair_required_unstable_pole,spectral_repair_required_unstable_pole,,,,,,,,,,,,,0,
256,78,0,0,,,spectral_repair_required_unstable_pole,spectral_repair_required_negative_pole,,,,,,,,,,,,,0,
256,79,0,0,,,spectral_repair_required_unstable_pole,sampled_non_positive_real,,,,,,,,,,,,,0,
256,80,0,0,,,spectral_repair_required_unstable_pole,spectral_repair_required_unstable_pole,,,,,,,,,,,,,0,
256,81,0,0,,,spectral_repair_required_unstable_pole,spectral_repair_required_unstable_pole,,,,,,,,,,,,,0,
256,82,0,0,,,sampled_non_positive_real,newton_nonconvergence,,,,,,,,,,,,,0,
256,83,0,0,,,spectral_repair_required_unstable_pole,spectral_repair_required_unstable_pole,,,,,,,,,,,,,0,
256,84,0,0,,,spectral_repair_required_unstable_pole,sampled_non_positive_real,,,,,,,,,,,,,0,
256,85,1,0,5,5.3999999999999995,spectral_repair_required_unstable_pole,accepted,0.02816584141042062,1.0761864196179425,0,0.44066553949664683,0.037670391441984585,2.9101926299016708e-06,2.2087858475286e-14,1.0768770085970812e-09,2.2898349882893854e-14,0.011912423730678315,3,-0.30385917174863525,0,0.8235662185554486
256,86,0,0,,,spectral_repair_required_unstable_pole,spectral_repair_required_negative_pole,,,,,,,,,,,,,0,
256,87,0,0,,,spectral_repair_required_unstable_pole,sampled_non_positive_real,,,,,,,,,,,,,0,
256,88,0,0,,,spectral_repair_required_unstable_pole,spectral_repair_required_unstable_pole,,,,,,,,,,,,,0,
256,89,0,0,,,spectral_repair_required_unstable_pole,spectral_repair_required_unstable_pole,,,,,,,,,,,,,0,
256,90,0,0,,,spectral_repair_required_negative_pole,sampled_non_positive_real,,,,,,,,,,,,,0,
256,91,0,0,,,spectral_repair_required_unstable_pole,spectral_repair_required_unstable_pole,,,,,,,,,,,,,0,
256,92,0,0,,,spectral_repair_required_unstable_pole,spectral_repair_required_unstable_pole,,,,,,,,,,,,,0,
256,93,0,0,,,spectral_repair_required_unstable_pole,sampled_non_positive_real,,,,,,,,,,,,,0,
256,94,0,0,,,spectral_repair_required_unstable_pole,spectral_repair_required_unstable_pole,,,,,,,,,,,,,0,
256,95,0,0,,,spectral_repair_required_unstable_pole,spectral_repair_required_unstable_pole,,,,,,,,,,,,,0,
256,96,0,0,,,spectral_repair_required_unstable_pole,spectral_repair_required_unstable_pole,,,,,,,,,,,,,0,
256,97,0,0,,,spectral_repair_required_unstable_pole,sampled_non_positive_real,,,,,,,,,,,,,0,
256,98,0,0,,,spectral_repair_required_unstable_pole,spectral_repair_required_unstable_pole,,,,,,,,,,,,,0,
256,99,0,0,,,spectral_repair_required_unstable_pole,spectral_repair_required_unstable_pole,,,,,,,,,,,,,0,
256,100,0,0,,,spectral_repair_required_unstable_pole,sampled_non_positive_real,,,,,,,,,,,,,0,
256,101,0,0,,,spectral_repair_required_unstable_pole,spectral_repair_required_negative_pole,,,,,,,,,,,,,0,
256,102,0,0,,,spectral_repair_required_unstable_pole,sampled_non_positive_real,,,,,,,,,,,,,0,
256,103,0,0,,,newton_nonconvergence,spectral_repair_required_unstable_pole,,,,,,,,,,,,,0,
256,104,0,0,,,spectral_repair_required_unstable_pole,spectral_repair_required_negative_pole,,,,,,,,,,,,,0,
256,105,0,0,,,spectral_repair_required_unstable_pole,spectral_repair_required_unstable_pole,,,,,,,,,,,,,0,
256,106,0,0,,,spectral_repair_required_unstable_pole,spectral_repair_required_negative_pole,,,,,,,,,,,,,0,
256,107,0,0,,,spectral_repair_required_unstable_pole,spectral_repair_required_unstable_pole,,,,,,,,,,,,,0,
256,108,0,0,,,spectral_repair_required_unstable_pole,sampled_non_positive_real,,,,,,,,,,,,,0,
256,109,0,0,,,spectral_repair_required_unstable_pole,spectral_repair_required_unstable_pole,,,,,,,,,,,,,0,
256,110,0,0,,,spectral_repair_required_unstable_pole,spectral_repair_required_negative_pole,,,,,,,,,,,,,0,
256,111,1,0,4,4.2,spectral_repair_required_unstable_pole,accepted,0.03959756839241432,1.7047098866440111,0,0.472757189522572,0.023272190371421364,5.3813922009170355e-06,3.848428415904062e-15,2.319582211732703e-10,1.4988010832439613e-15,0.00822796181234824,4,-0.20330875766799827,0,0.508786585114505
256,112,0,0,,,spectral_repair_required_unstable_pole,sampled_non_positive_real,,,,,,,,,,,,,0,
256,113,1,0,4,4.2,spectral_repair_required_unstable_pole,accepted,0.033424942319223015,0.7011892714885234,0,0.40018959842471324,-0.015420542253223979,1.9290237790233773e-06,9.902946670976172e-16,6.424300315967304e-11,1.3322676295501878e-15,0.005451984998414297,3,-0.2817073612333107,0,0.3371304938819379
256,114,0,0,,,spectral_repair_required_unstable_pole,newton_nonconvergence,,,,,,,,,,,,,0,
256,115,1,0,5,5.3999999999999995,spectral_repair_required_unstable_pole,accepted,0.021660113548117192,0.19826119107916998,0,0.22541215699482658,-0.014899824580676402,1.219854998630492e-05,2.0222385212691631e-10,1.018363688684802e-07,9.996238559129011e-11,0.004711738241186802,5,-0.22205770893713192,0,0.3257463412862459
256,116,0,0,,,spectral_repair_required_unstable_pole,spectral_repair_required_negative_pole,,,,,,,,,,,,,0,
256,117,0,0,,,spectral_repair_required_unstable_pole,sampled_non_positive_real,,,,,,,,,,,,,0,
256,118,0,0,,,newton_nonconvergence,newton_nonconvergence,,,,,,,,,,,,,0,
256,119,0,0,,,spectral_repair_required_unstable_pole,sampled_non_positive_real,,,,,,,,,,,,,0,
256,120,0,0,,,spectral_repair_required_unstable_pole,spectral_repair_required_unstable_pole,,,,,,,,,,,,,0,
256,121,0,0,,,spectral_repair_required_unstable_pole,spectral_repair_required_negative_pole,,,,,,,,,,,,,0,
256,122,0,0,,,newton_nonconvergence,sampled_non_positive_real,,,,,,,,,,,,,0,
256,123,0,0,,,spectral_repair_required_unstable_pole,spectral_repair_required_unstable_pole,,,,,,,,,,,,,0,
256,124,0,0,,,spectral_repair_required_unstable_pole,sampled_non_positive_real,,,,,,,,,,,,,0,
256,125,0,0,,,spectral_repair_required_unstable_pole,spectral_repair_required_unstable_pole,,,,,,,,,,,,,0,
256,126,1,0,4,4.2,spectral_repair_required_unstable_pole,accepted,0.04246485530320941,0.5417811265964166,0,0.36521733695545455,-0.007803003971932232,1.8883314889259206e-08,1.3752320551049795e-15,8.595637025405761e-11,8.881784197001252e-16,0.0027587785110894623,3,-0.25216977870943635,0,0.17059261208990556
256,127,0,0,,,spectral_repair_required_unstable_pole,sampled_non_positive_real,,,,,,,,,,,,,0,
256,128,0,0,,,spectral_repair_required_unstable_pole,spectral_repair_required_unstable_pole,,,,,,,,,,,,,0,
256,129,0,0,,,newton_nonconvergence,spectral_repair_required_unstable_pole,,,,,,,,,,,,,0,
256,130,0,0,,,spectral_repair_required_unstable_pole,spectral_repair_required_unstable_pole,,,,,,,,,,,,,0,
256,131,0,0,,,spectral_repair_required_unstable_pole,spectral_repair_required_unstable_pole,,,,,,,,,,,,,0,
256,132,1,0,7,7.8,spectral_repair_required_unstable_pole,accepted,0.017368434005555027,,1,0.6885363907856946,-0.06959652017521467,1.1548944151963045e-05,2.590970599975124e-13,6.532156486916052e-09,6.516575473680675e-13,0.01860045241481124,4,-0.4379926411067991,0,1.5215489075443462
256,133,0,0,,,spectral_repair_required_unstable_pole,spectral_repair_required_negative_pole,,,,,,,,,,,,,0,
256,134,0,0,,,spectral_repair_required_unstable_pole,sampled_non_positive_real,,,,,,,,,,,,,0,
256,135,0,0,,,spectral_repair_required_unstable_pole,spectral_repair_required_unstable_pole,,,,,,,,,,,,,0,
256,136,0,0,,,spectral_repair_required_unstable_pole,sampled_non_positive_real,,,,,,,,,,,,,0,
256,137,0,0,,,spectral_repair_required_unstable_pole,newton_nonconvergence,,,,,,,,,,,,,0,
256,138,0,0,,,spectral_repair_required_unstable_pole,spectral_repair_required_unstable_pole,,,,,,,,,,,,,0,
256,139,0,0,,,newton_nonconvergence,spectral_repair_required_unstable_pole,,,,,,,,,,,,,0,
256,140,1,0,4,4.2,spectral_repair_required_unstable_pole,accepted,0.03064737131157603,,1,0.5621751520082298,0.0734831617276247,1.5272780229651117e-07,3.295909893969983e-15,8.325440355674809e-11,1.3600232051658168e-15,0.0259802209803158,4,-0.2622374082671739,0,1.6065203284314495
256,141,1,0,4,4.2,spectral_repair_required_unstable_pole,accepted,0.03417801866618469,,1,0.6063472272042497,0.047107954362241466,2.832033496530957e-07,2.9682979058428984e-15,1.6377520144840325e-10,1.4988010832439613e-15,0.016655176988683514,4,-0.18621334240711432,0,1.0298942578747448
256,142,0,0,,,spectral_repair_required_unstable_pole,spectral_repair_required_unstable_pole,,,,,,,,,,,,,0,
256,143,1,0,4,4.2,spectral_repair_required_unstable_pole,accepted,0.03449003910622437,2.472714928441054,0,0.5499531513392122,0.020631149000395088,7.981791929427116e-06,3.0262488449481786e-15,9.915396725576835e-11,1.1657341758564144e-15,0.007294212680924596,4,-0.2774724828063611,0,0.4510470084410215
256,144,0,0,,,spectral_repair_required_unstable_pole,sampled_non_positive_real,,,,,,,,,,,,,0,
256,145,0,0,,,spectral_repair_required_unstable_pole,sampled_non_positive_real,,,,,,,,,,,,,0,
256,146,0,0,,,spectral_repair_required_unstable_pole,spectral_repair_required_unstable_pole,,,,,,,,,,,,,0,
256,147,0,0,,,spectral_repair_required_unstable_pole,newton_nonconvergence,,,,,,,,,,,,,0,
256,148,0,0,,,spectral_repair_required_unstable_pole,sampled_non_positive_real,,,,,,,,,,,,,0,
256,149,0,0,,,spectral_repair_required_unstable_pole,spectral_repair_required_unstable_pole,,,,,,,,,,,,,0,
256,150,0,0,,,spectral_repair_required_unstable_pole,spectral_repair_required_unstable_pole,,,,,,,,,,,,,0,
256,151,0,0,,,spectral_repair_required_unstable_pole,spectral_repair_required_unstable_pole,,,,,,,,,,,,,0,
256,152,0,0,,,spectral_repair_required_unstable_pole,spectral_repair_required_unstable_pole,,,,,,,,,,,,,0,
256,153,0,0,,,spectral_repair_required_unstable_pole,sampled_non_positive_real,,,,,,,,,,,,,0,
256,154,0,0,,,spectral_repair_required_unstable_pole,spectral_repair_required_unstable_pole,,,,,,,,,,,,,0,
256,155,0,0,,,spectral_repair_required_unstable_pole,sampled_non_positive_real,,,,,,,,,,,,,0,
256,156,0,0,,,spectral_repair_required_unstable_pole,spectral_repair_required_unstable_pole,,,,,,,,,,,,,0,
256,157,0,0,,,spectral_repair_required_unstable_pole,unstable_auxiliary_block,,,,,,,,,,,,,0,
256,158,0,0,,,spectral_repair_required_negative_pole,spectral_repair_required_negative_pole,,,,,,,,,,,,,0,
256,159,0,0,,,spectral_repair_required_unstable_pole,spectral_repair_required_negative_pole,,,,,,,,,,,,,0,
256,160,0,0,,,spectral_repair_required_unstable_pole,spectral_repair_required_negative_pole,,,,,,,,,,,,,0,
256,161,0,0,,,spectral_repair_required_unstable_pole,sampled_non_positive_real,,,,,,,,,,,,,0,
256,162,0,0,,,spectral_repair_required_unstable_pole,sampled_non_positive_real,,,,,,,,,,,,,0,
256,163,0,0,,,newton_nonconvergence,sampled_non_positive_real,,,,,,,,,,,,,0,
256,164,0,0,,,spectral_repair_required_unstable_pole,sampled_non_positive_real,,,,,,,,,,,,,0,
256,165,0,0,,,spectral_repair_required_unstable_pole,spectral_repair_required_unstable_pole,,,,,,,,,,,,,0,
256,166,0,0,,,spectral_repair_required_unstable_pole,sampled_non_positive_real,,,,,,,,,,,,,0,
256,167,0,0,,,spectral_repair_required_unstable_pole,spectral_repair_required_unstable_pole,,,,,,,,,,,,,0,
256,168,0,0,,,spectral_repair_required_unstable_pole,spectral_repair_required_unstable_pole,,,,,,,,,,,,,0,
256,169,1,0,6,6.6,spectral_repair_required_unstable_pole,accepted,0.01770969873112081,0.45836958231860764,0,0.46478234690781156,0.04179791598080973,3.7853119379965055e-06,1.7477613713242216e-12,1.1184240081200112e-08,3.0156259434033217e-13,0.012066019021542801,3,-0.20274049612174783,0,0.9138039263761976
256,170,0,0,,,spectral_repair_required_unstable_pole,unstable_auxiliary_block,,,,,,,,,,,,,0,
256,171,0,0,,,spectral_repair_required_unstable_pole,sampled_non_positive_real,,,,,,,,,,,,,0,
256,172,0,0,,,spectral_repair_required_unstable_pole,newton_nonconvergence,,,,,,,,,,,,,0,
256,173,0,0,,,spectral_repair_required_unstable_pole,spectral_repair_required_unstable_pole,,,,,,,,,,,,,0,
256,174,0,0,,,spectral_repair_required_unstable_pole,spectral_repair_required_unstable_pole,,,,,,,,,,,,,0,
256,175,0,0,,,spectral_repair_required_unstable_pole,sampled_non_positive_real,,,,,,,,,,,,,0,
256,176,0,0,,,spectral_repair_required_unstable_pole,sampled_non_positive_real,,,,,,,,,,,,,0,
256,177,0,0,,,spectral_repair_required_unstable_pole,sampled_non_positive_real,,,,,,,,,,,,,0,
256,178,0,0,,,spectral_repair_required_negative_pole,spectral_repair_required_unstable_pole,,,,,,,,,,,,,0,
256,179,0,0,,,spectral_repair_required_unstable_pole,spectral_repair_required_unstable_pole,,,,,,,,,,,,,0,
256,180,0,0,,,spectral_repair_required_unstable_pole,sampled_non_positive_real,,,,,,,,,,,,,0,
256,181,0,0,,,spectral_repair_required_unstable_pole,newton_nonconvergence,,,,,,,,,,,,,0,
256,182,0,0,,,spectral_repair_required_unstable_pole,spectral_repair_required_unstable_pole,,,,,,,,,,,,,0,
256,183,0,0,,,spectral_repair_required_unstable_pole,spectral_repair_required_unstable_pole,,,,,,,,,,,,,0,
256,184,0,0,,,spectral_repair_required_unstable_pole,spectral_repair_required_unstable_pole,,,,,,,,,,,,,0,
256,185,0,0,,,spectral_repair_required_unstable_pole,spectral_repair_required_negative_pole,,,,,,,,,,,,,0,
256,186,0,0,,,spectral_repair_required_unstable_pole,sampled_non_positive_real,,,,,,,,,,,,,0,
256,187,0,0,,,spectral_repair_required_unstable_pole,spectral_repair_required_unstable_pole,,,,,,,,,,,,,0,
256,188,0,0,,,spectral_repair_required_unstable_pole,sampled_non_positive_real,,,,,,,,,,,,,0,
256,189,0,0,,,spectral_repair_required_unstable_pole,spectral_repair_required_unstable_pole,,,,,,,,,,,,,0,
256,190,0,0,,,spectral_repair_required_unstable_pole,sampled_non_positive_real,,,,,,,,,,,,,0,
256,191,0,0,,,spectral_repair_required_unstable_pole,spectral_repair_required_unstable_pole,,,,,,,,,,,,,0,
256,192,0,0,,,spectral_repair_required_unstable_pole,sampled_non_positive_real,,,,,,,,,,,,,0,
256,193,0,0,,,spectral_repair_required_unstable_pole,spectral_repair_required_unstable_pole,,,,,,,,,,,,,0,
256,194,0,0,,,spectral_repair_required_unstable_pole,sampled_non_positive_real,,,,,,,,,,,,,0,
256,195,0,0,,,spectral_repair_required_unstable_pole,spectral_repair_required_unstable_pole,,,,,,,,,,,,,0,
256,196,0,0,,,spectral_repair_required_unstable_pole,sampled_non_positive_real,,,,,,,,,,,,,0,
256,197,0,0,,,spectral_repair_required_unstable_pole,spectral_repair_required_unstable_pole,,,,,,,,,,,,,0,
256,198,0,0,,,spectral_repair_required_unstable_pole,sampled_non_positive_real,,,,,,,,,,,,,0,
256,199,0,0,,,newton_nonconvergence,spectral_repair_required_negative_pole,,,,,,,,,,,,,0,
1024,0,0,0,,,spectral_repair_required_unstable_pole,sampled_non_positive_real,,,,,,,,,,,,,0,
1024,1,0,0,,,spectral_repair_required_unstable_pole,spectral_repair_required_unstable_pole,,,,,,,,,,,,,0,
1024,2,0,0,,,spectral_repair_required_unstable_pole,spectral_repair_required_negative_pole,,,,,,,,,,,,,0,
1024,3,0,0,,,spectral_repair_required_unstable_pole,spectral_repair_required_negative_pole,,,,,,,,,,,,,0,
1024,4,0,0,,,spectral_repair_required_unstable_pole,spectral_repair_required_unstable_pole,,,,,,,,,,,,,0,
1024,5,0,0,,,spectral_repair_required_unstable_pole,sampled_non_positive_real,,,,,,,,,,,,,0,
1024,6,0,0,,,spectral_repair_required_unstable_pole,newton_nonconvergence,,,,,,,,,,,,,0,
1024,7,0,0,,,spectral_repair_required_unstable_pole,sampled_non_positive_real,,,,,,,,,,,,,0,
1024,8,1,0,4,4.2,spectral_repair_required_unstable_pole,accepted,0.0982174085197286,,1,0.7150336823226463,0.020115822498723235,1.245237186159483e-05,2.5010838569247817e-15,1.0557254391286187e-10,8.881784197001252e-16,0.007112017248996217,5,-0.05382140292241193,0,0.8821547470305352
1024,9,0,0,,,spectral_repair_required_unstable_pole,sampled_non_positive_real,,,,,,,,,,,,,0,
1024,10,0,0,,,spectral_repair_required_unstable_pole,sampled_non_positive_real,,,,,,,,,,,,,0,
1024,11,0,0,,,spectral_repair_required_unstable_pole,spectral_repair_required_unstable_pole,,,,,,,,,,,,,0,
1024,12,0,0,,,spectral_repair_required_unstable_pole,spectral_repair_required_negative_pole,,,,,,,,,,,,,0,
1024,13,0,0,,,spectral_repair_required_unstable_pole,newton_nonconvergence,,,,,,,,,,,,,0,
1024,14,0,0,,,spectral_repair_required_unstable_pole,sampled_non_positive_real,,,,,,,,,,,,,0,
1024,15,0,0,,,spectral_repair_required_unstable_pole,sampled_non_positive_real,,,,,,,,,,,,,0,
1024,16,0,0,,,spectral_repair_required_unstable_pole,spectral_repair_required_unstable_pole,,,,,,,,,,,,,0,
1024,17,0,0,,,spectral_repair_required_unstable_pole,spectral_repair_required_negative_pole,,,,,,,,,,,,,0,
1024,18,1,0,5,5.3999999999999995,spectral_repair_required_unstable_pole,accepted,0.01717847909786987,0.31091229764949624,0,0.404791961760691,-0.011810672966662272,7.661274257269713e-06,5.8610943715355966e-15,2.5061829485333215e-10,2.3314683517128287e-15,0.0037348627274028596,4,-0.010594285170464394,0,0.5179425909046289
1024,19,0,0,,,spectral_repair_required_unstable_pole,spectral_repair_required_unstable_pole,,,,,,,,,,,,,0,
1024,20,0,0,,,spectral_repair_required_unstable_pole,sampled_non_positive_real,,,,,,,,,,,,,0,
1024,21,0,0,,,spectral_repair_required_unstable_pole,sampled_non_positive_real,,,,,,,,,,,,,0,
1024,22,0,0,,,spectral_repair_required_unstable_pole,spectral_repair_required_unstable_pole,,,,,,,,,,,,,0,
1024,23,1,0,4,4.2,spectral_repair_required_unstable_pole,accepted,0.02978406644977874,0.7459349434472577,0,0.39508039262357986,0.05247614857680172,4.305809063323238e-08,4.120184085912527e-15,1.312100193904419e-10,3.885780586188048e-16,0.018553120254604566,4,-0.33333102062209186,0,2.3012771948968775
1024,24,0,0,,,spectral_repair_required_unstable_pole,spectral_repair_required_unstable_pole,,,,,,,,,,,,,0,
1024,25,0,0,,,spectral_repair_required_unstable_pole,spectral_repair_required_negative_pole,,,,,,,,,,,,,0,
1024,26,0,0,,,spectral_repair_required_unstable_pole,sampled_non_positive_real,,,,,,,,,,,,,0,
1024,27,0,0,,,spectral_repair_required_unstable_pole,spectral_repair_required_unstable_pole,,,,,,,,,,,,,0,
1024,28,0,0,,,spectral_repair_required_unstable_pole,spectral_repair_required_negative_pole,,,,,,,,,,,,,0,
1024,29,1,0,5,5.3999999999999995,spectral_repair_required_unstable_pole,accepted,0.01690334532566482,0.30680551531908495,0,0.2662113329111404,0.029884068242200135,2.868786551242787e-06,2.8511879641074028e-15,1.748690200951875e-10,2.518818487118324e-15,0.009450172139725717,5,-0.09432940005614623,0,1.3105291947229376
1024,30,1,0,5,5.3999999999999995,spectral_repair_required_unstable_pole,accepted,0.013890038969281886,0.22913355794701792,0,0.26009671225117637,0.012782314894180025,5.69795348800305e-06,9.787609318816144e-15,3.119932410487369e-10,2.570860191397628e-15,0.004042122883510198,3,-0.5353746703402733,0,0.5605527570476284
1024,31,1,0,5,5.3999999999999995,spectral_repair_required_unstable_pole,accepted,0.016954612272324705,,1,0.3577913854264162,0.005671477267383596,1.599310803418084e-05,1.773164247635078e-14,9.635709657786802e-10,2.192690473634684e-15,0.00179347858627989,5,-0.13306074568277407,0,0.24871568609316166
1024,32,0,0,,,spectral_repair_required_unstable_pole,sampled_non_positive_real,,,,,,,,,,,,,0,
1024,33,0,0,,,spectral_repair_required_unstable_pole,spectral_repair_required_unstable_pole,,,,,,,,,,,,,0,
1024,34,0,0,,,spectral_repair_required_unstable_pole,sampled_non_positive_real,,,,,,,,,,,,,0,
1024,35,0,0,,,spectral_repair_required_unstable_pole,spectral_repair_required_unstable_pole,,,,,,,,,,,,,0,
1024,36,0,0,,,spectral_repair_required_unstable_pole,spectral_repair_required_unstable_pole,,,,,,,,,,,,,0,
1024,37,1,0,4,4.2,spectral_repair_required_unstable_pole,accepted,0.03456215666332278,1.068540983644967,0,0.4236405656757688,0.021667123817232126,8.989202573970042e-07,1.4087150935148696e-15,1.3993239514229334e-10,1.6653345369377348e-15,0.007660485089986655,4,-0.30835318392239497,0,0.950185165487658
1024,38,0,0,,,spectral_repair_required_unstable_pole,sampled_non_positive_real,,,,,,,,,,,,,0,
1024,39,0,0,,,spectral_repair_required_unstable_pole,spectral_repair_required_unstable_pole,,,,,,,,,,,,,0,
1024,40,0,0,,,spectral_repair_required_unstable_pole,spectral_repair_required_unstable_pole,,,,,,,,,,,,,0,
1024,41,1,0,5,5.3999999999999995,spectral_repair_required_unstable_pole,accepted,0.017792638806565845,0.2874491180867766,0,0.266734302776195,-0.0023784078554239807,2.2489274690022974e-06,1.5332738689076572e-14,9.08053948219571e-10,2.7255975254547593e-14,0.0007521186027977994,3,-0.3175258690720537,0,0.1043021621497281
1024,42,0,0,,,spectral_repair_required_unstable_pole,sampled_non_positive_real,,,,,,,,,,,,,0,
1024,43,0,0,,,spectral_repair_required_unstable_pole,spectral_repair_required_negative_pole,,,,,,,,,,,,,0,
1024,44,0,0,,,spectral_repair_required_unstable_pole,sampled_non_positive_real,,,,,,,,,,,,,0,
1024,45,0,0,,,spectral_repair_required_unstable_pole,spectral_repair_required_unstable_pole,,,,,,,,,,,,,0,
1024,46,0,0,,,spectral_repair_required_unstable_pole,spectral_repair_required_unstable_pole,,,,,,,,,,,,,0,
1024,47,0,0,,,spectral_repair_required_unstable_pole,spectral_repair_required_negative_pole,,,,,,,,,,,,,0,
1024,48,0,0,,,sampled_non_positive_real,spectral_repair_required_unstable_pole,,,,,,,,,,,,,0,
1024,49,0,0,,,spectral_repair_required_unstable_pole,spectral_repair_required_unstable_pole,,,,,,,,,,,,,0,
1024,50,0,0,,,spectral_repair_required_unstable_pole,spectral_repair_required_unstable_pole,,,,,,,,,,,,,0,
1024,51,0,0,,,spectral_repair_required_unstable_pole,spectral_repair_required_unstable_pole,,,,,,,,,,,,,0,
1024,52,0,0,,,spectral_repair_required_unstable_pole,sampled_non_positive_real,,,,,,,,,,,,,0,
1024,53,0,0,,,spectral_repair_required_unstable_pole,sampled_non_positive_real,,,,,,,,,,,,,0,
1024,54,0,0,,,spectral_repair_required_unstable_pole,sampled_non_positive_real,,,,,,,,,,,,,0,
1024,55,0,0,,,spectral_repair_required_unstable_pole,spectral_repair_required_unstable_pole,,,,,,,,,,,,,0,
1024,56,0,0,,,spectral_repair_required_unstable_pole,newton_nonconvergence,,,,,,,,,,,,,0,
1024,57,0,0,,,spectral_repair_required_unstable_pole,spectral_repair_required_negative_pole,,,,,,,,,,,,,0,
1024,58,0,0,,,spectral_repair_required_unstable_pole,spectral_repair_required_unstable_pole,,,,,,,,,,,,,0,
1024,59,0,0,,,spectral_repair_required_unstable_pole,spectral_repair_required_unstable_pole,,,,,,,,,,,,,0,
1024,60,0,0,,,spectral_repair_required_unstable_pole,sampled_non_positive_real,,,,,,,,,,,,,0,
1024,61,0,0,,,spectral_repair_required_unstable_pole,sampled_non_positive_real,,,,,,,,,,,,,0,
1024,62,0,0,,,spectral_repair_required_unstable_pole,spectral_repair_required_unstable_pole,,,,,,,,,,,,,0,
1024,63,0,0,,,spectral_repair_required_unstable_pole,spectral_repair_required_negative_pole,,,,,,,,,,,,,0,
1024,64,0,0,,,newton_nonconvergence,spectral_repair_required_unstable_pole,,,,,,,,,,,,,0,
1024,65,1,0,7,7.8,spectral_repair_required_unstable_pole,accepted,0.01349521203970112,0.5575449306438844,0,0.4143835806696969,-0.009684771378906332,7.52541470842602e-06,5.086496813606823e-14,2.6841579704743867e-09,2.1614654510671016e-15,0.0025883640263643496,3,-0.3763602178281843,0,0.4247137817183435
1024,66,0,0,,,spectral_repair_required_unstable_pole,spectral_repair_required_unstable_pole,,,,,,,,,,,,,0,
1024,67,1,0,5,5.3999999999999995,spectral_repair_required_unstable_pole,accepted,0.015301052126891238,0.227389830754029,0,0.2634111411596341,0.04134805790366336,7.75393709817251e-06,2.2108082596902286e-15,8.220216760748626e-11,2.0539125955565396e-15,0.013075403980010288,4,-0.46497508213485084,0,1.8132684140817603
1024,68,0,0,,,spectral_repair_required_unstable_pole,spectral_repair_required_unstable_pole,,,,,,,,,,,,,0,
1024,69,1,0,4,4.2,newton_nonconvergence,accepted,0.02957686885648964,0.84433262942556,0,0.5682296629112064,-0.03248985938466031,4.351886431118215e-06,1.8115356374411762e-14,6.875212036384851e-10,2.1371793224034263e-15,0.011486899945345073,4,-0.3275660307540125,0,1.4248029723046034
1024,70,0,0,,,spectral_repair_required_unstable_pole,spectral_repair_required_negative_pole,,,,,,,,,,,,,0,
1024,71,0,0,,,spectral_repair_required_unstable_pole,spectral_repair_required_unstable_pole,,,,,,,,,,,,,0,
1024,72,1,0,5,5.3999999999999995,spectral_repair_required_unstable_pole,accepted,0.025883544415188017,0.2429606221251976,0,0.2844870327193729,0.017081741928682836,6.380143528976923e-06,7.874956775073054e-16,2.221410340566492e-11,4.440892098500626e-16,0.005401721089783596,5,-0.0431529112673249,0,0.749098861400995
1024,73,0,0,,,spectral_repair_required_unstable_pole,spectral_repair_required_negative_pole,,,,,,,,,,,,,0,
1024,74,0,0,,,spectral_repair_required_unstable_pole,spectral_repair_required_unstable_pole,,,,,,,,,,,,,0,
1024,75,0,0,,,spectral_repair_required_unstable_pole,spectral_repair_required_negative_pole,,,,,,,,,,,,,0,
1024,76,1,0,5,5.3999999999999995,spectral_repair_required_unstable_pole,accepted,0.014183998603286807,0.1968402054699147,0,0.2046873815224407,0.01758017850128868,3.123820351267935e-06,1.4438235944202963e-15,4.40734882236948e-11,1.0024446550627175e-13,0.005559340573639515,4,-0.18992863946061053,0,0.7709571865401129
1024,77,0,0,,,spectral_repair_required_unstable_pole,spectral_repair_required_unstable_pole,,,,,,,,,,,,,0,
1024,78,0,0,,,spectral_repair_required_negative_pole,newton_nonconvergence,,,,,,,,,,,,,0,
1024,79,0,0,,,spectral_repair_required_unstable_pole,sampled_non_positive_real,,,,,,,,,,,,,0,
1024,80,0,0,,,newton_nonconvergence,spectral_repair_required_unstable_pole,,,,,,,,,,,,,0,
1024,81,0,0,,,spectral_repair_required_unstable_pole,spectral_repair_required_unstable_pole,,,,,,,,,,,,,0,
1024,82,0,0,,,spectral_repair_required_unstable_pole,spectral_repair_required_negative_pole,,,,,,,,,,,,,0,
1024,83,0,0,,,spectral_repair_required_unstable_pole,spectral_repair_required_unstable_pole,,,,,,,,,,,,,0,
1024,84,0,0,,,spectral_repair_required_unstable_pole,sampled_non_positive_real,,,,,,,,,,,,,0,
1024,85,0,0,,,newton_nonconvergence,spectral_repair_required_unstable_pole,,,,,,,,,,,,,0,
1024,86,0,0,,,spectral_repair_required_unstable_pole,sampled_non_positive_real,,,,,,,,,,,,,0,
1024,87,0,0,,,spectral_repair_required_unstable_pole,sampled_non_positive_real,,,,,,,,,,,,,0,
1024,88,1,0,4,4.2,newton_nonconvergence,accepted,0.02890025546518724,1.4756081656772653,0,0.4733840683852962,0.03716473856512337,8.790489197756938e-07,3.849053922355312e-16,2.4402238301136957e-11,7.494005416219807e-16,0.013139719330211849,4,-0.36311893759284136,0,1.6298140704638486
1024,89,0,0,,,spectral_repair_required_unstable_pole,sampled_non_positive_real,,,,,,,,,,,,,0,
1024,90,0,0,,,spectral_repair_required_negative_pole,spectral_repair_required_unstable_pole,,,,,,,,,,,,,0,
1024,91,0,0,,,spectral_repair_required_unstable_pole,spectral_repair_required_negative_pole,,,,,,,,,,,,,0,
1024,92,0,0,,,spectral_repair_required_unstable_pole,spectral_repair_required_unstable_pole,,,,,,,,,,,,,0,
1024,93,0,0,,,spectral_repair_required_unstable_pole,sampled_non_positive_real,,,,,,,,,,,,,0,
1024,94,0,0,,,spectral_repair_required_unstable_pole,sampled_non_positive_real,,,,,,,,,,,,,0,
1024,95,0,0,,,spectral_repair_required_unstable_pole,spectral_repair_required_unstable_pole,,,,,,,,,,,,,0,
1024,96,1,0,4,4.2,spectral_repair_required_unstable_pole,accepted,0.03618828071436429,,1,0.4878813455851333,0.019954788461650885,2.3330956875002804e-06,1.2020923382128876e-15,7.042268326191847e-11,1.0547118733938987e-15,0.007055083119188286,4,-0.2710098133955584,0,0.8750927966556062
1024,97,0,0,,,spectral_repair_required_unstable_pole,spectral_repair_required_unstable_pole,,,,,,,,,,,,,0,
1024,98,1,0,5,5.3999999999999995,newton_nonconvergence,accepted,0.017549767173313593,0.2994505157951391,0,0.2586716321633711,0.008221006780440132,2.3960533596553533e-06,3.9288774451866694e-13,5.753708645209631e-09,3.2046587605805144e-13,0.0025997106085879655,3,-0.5146167983911826,0,0.36052217885675725
1024,99,0,0,,,spectral_repair_required_unstable_pole,spectral_repair_required_unstable_pole,,,,,,,,,,,,,0,
1024,100,0,0,,,spectral_repair_required_unstable_pole,sampled_non_positive_real,,,,,,,,,,,,,0,
1024,101,1,0,7,7.8,spectral_repair_required_unstable_pole,accepted,0.010707716671259073,0.28299595606065003,0,0.31248879982805916,-0.007100081205532405,1.0271650947221416e-05,1.5434887328960737e-12,6.335402057180799e-09,4.182851981449076e-13,0.0018975765206697428,4,-0.20311288304290032,0,0.31136536128016823
1024,102,0,0,,,spectral_repair_required_unstable_pole,spectral_repair_required_unstable_pole,,,,,,,,,,,,,0,
1024,103,1,0,4,4.2,spectral_repair_required_unstable_pole,accepted,0.023303579841954587,0.9187202183661066,0,0.4225200916297131,0.02615037829543465,1.9787343067056614e-06,2.519551122404444e-15,8.290152654690588e-11,1.915134717478395e-15,0.009245554911647635,4,-0.2961882714672581,0,1.1467927971340042
1024,104,0,0,,,spectral_repair_required_unstable_pole,sampled_non_positive_real,,,,,,,,,,,,,0,
1024,105,0,0,,,spectral_repair_required_unstable_pole,spectral_repair_required_negative_pole,,,,,,,,,,,,,0,
1024,106,0,0,,,spectral_repair_required_unstable_pole,sampled_non_positive_real,,,,,,,,,,,,,0,
1024,107,0,0,,,spectral_repair_required_unstable_pole,spectral_repair_required_unstable_pole,,,,,,,,,,,,,0,
1024,108,0,0,,,spectral_repair_required_unstable_pole,spectral_repair_required_negative_pole,,,,,,,,,,,,,0,
1024,109,1,0,5,5.3999999999999995,spectral_repair_required_unstable_pole,accepted,0.01690726189334221,0.3139796047771832,0,0.33452186738675,0.010102629529904816,7.773486269836824e-06,6.761987391173495e-14,5.107620781782895e-09,1.1053744725098014e-13,0.003194731967137292,4,-0.03158304161238551,0,0.4430384389135495
1024,110,0,0,,,spectral_repair_required_unstable_pole,sampled_non_positive_real,,,,,,,,,,,,,0,
1024,111,1,0,4,4.2,newton_nonconvergence,accepted,0.07459799117262912,,1,0.4941040855564809,0.03400126784940427,2.4186113568301026e-06,3.4463048869828168e-15,1.6377677128283715e-10,1.2906342661267445e-15,0.012021263532626988,5,-0.17966994811828974,0,1.4910839385420338
1024,112,1,0,4,4.2,spectral_repair_required_unstable_pole,accepted,0.02151012937146374,0.5223881966079501,0,0.3297758503041238,0.005196417908233442,4.291904067125461e-06,3.820703941223069e-15,2.1322626001656753e-10,1.887379141862766e-15,0.0018372111703953051,3,-0.30469785890866385,0,0.2278825400051908
1024,113,0,0,,,spectral_repair_required_unstable_pole,spectral_repair_required_unstable_pole,,,,,,,,,,,,,0,
1024,114,0,0,,,spectral_repair_required_unstable_pole,spectral_repair_required_unstable_pole,,,,,,,,,,,,,0,
1024,115,0,0,,,spectral_repair_required_negative_pole,spectral_repair_required_unstable_pole,,,,,,,,,,,,,0,
1024,116,0,0,,,newton_nonconvergence,sampled_non_positive_real,,,,,,,,,,,,,0,
1024,117,1,0,4,4.2,spectral_repair_required_unstable_pole,accepted,0.025906932328786377,0.3074086285520972,0,0.30435754915581387,0.05507123450812046,1.5413380379208173e-06,6.097768929319959e-16,4.737227341130741e-11,1.9984014443252818e-15,0.01947062168450325,4,-0.29251598638566634,0,2.4150815085614212
1024,118,0,0,,,spectral_repair_required_unstable_pole,sampled_non_positive_real,,,,,,,,,,,,,0,
1024,119,0,0,,,spectral_repair_required_unstable_pole,newton_nonconvergence,,,,,,,,,,,,,0,
1024,120,0,0,,,spectral_repair_required_unstable_pole,spectral_repair_required_unstable_pole,,,,,,,,,,,,,0,
1024,121,0,0,,,spectral_repair_required_unstable_pole,spectral_repair_required_negative_pole,,,,,,,,,,,,,0,
1024,122,0,0,,,spectral_repair_required_unstable_pole,spectral_repair_required_negative_pole,,,,,,,,,,,,,0,
1024,123,0,0,,,spectral_repair_required_unstable_pole,spectral_repair_required_negative_pole,,,,,,,,,,,,,0,
1024,124,0,0,,,spectral_repair_required_unstable_pole,sampled_non_positive_real,,,,,,,,,,,,,0,
1024,125,0,0,,,spectral_repair_required_unstable_pole,spectral_repair_required_unstable_pole,,,,,,,,,,,,,0,
1024,126,0,0,,,spectral_repair_required_unstable_pole,spectral_repair_required_unstable_pole,,,,,,,,,,,,,0,
1024,127,0,0,,,spectral_repair_required_unstable_pole,spectral_repair_required_unstable_pole,,,,,,,,,,,,,0,
1024,128,0,0,,,spectral_repair_required_unstable_pole,sampled_non_positive_real,,,,,,,,,,,,,0,
1024,129,0,0,,,spectral_repair_required_unstable_pole,spectral_repair_required_unstable_pole,,,,,,,,,,,,,0,
1024,130,1,0,4,4.2,spectral_repair_required_unstable_pole,accepted,0.030925182597350744,1.047653190564868,0,0.4367594240128395,0.050095933783548485,2.9362720500971477e-06,1.9751363738615075e-15,1.0257842749780824e-10,9.43689570931383e-16,0.0177115872441095,4,-0.34079034612233783,0,2.196895791702754
1024,131,0,0,,,spectral_repair_required_unstable_pole,spectral_repair_required_unstable_pole,,,,,,,,,,,,,0,
1024,132,0,0,,,spectral_repair_required_unstable_pole,sampled_non_positive_real,,,,,,,,,,,,,0,
1024,133,0,0,,,newton_nonconvergence,sampled_non_positive_real,,,,,,,,,,,,,0,
1024,134,0,0,,,spectral_repair_required_unstable_pole,lyapunov_residual,,,,,,,,,,,,,0,
1024,135,0,0,,,spectral_repair_required_unstable_pole,sampled_non_positive_real,,,,,,,,,,,,,0,
1024,136,0,0,,,spectral_repair_required_unstable_pole,spectral_repair_required_unstable_pole,,,,,,,,,,,,,0,
1024,137,0,0,,,spectral_repair_required_unstable_pole,newton_nonconvergence,,,,,,,,,,,,,0,
1024,138,0,0,,,newton_nonconvergence,newton_nonconvergence,,,,,,,,,,,,,0,
1024,139,0,0,,,spectral_repair_required_unstable_pole,spectral_repair_required_unstable_pole,,,,,,,,,,,,,0,
1024,140,0,0,,,spectral_repair_required_unstable_pole,sampled_non_positive_real,,,,,,,,,,,,,0,
1024,141,0,0,,,spectral_repair_required_negative_pole,spectral_repair_required_unstable_pole,,,,,,,,,,,,,0,
1024,142,0,0,,,spectral_repair_required_unstable_pole,sampled_non_positive_real,,,,,,,,,,,,,0,
1024,143,0,0,,,spectral_repair_required_unstable_pole,spectral_repair_required_unstable_pole,,,,,,,,,,,,,0,
1024,144,0,0,,,spectral_repair_required_unstable_pole,sampled_non_positive_real,,,,,,,,,,,,,0,
1024,145,0,0,,,spectral_repair_required_unstable_pole,sampled_non_positive_real,,,,,,,,,,,,,0,
1024,146,0,0,,,spectral_repair_required_unstable_pole,spectral_repair_required_unstable_pole,,,,,,,,,,,,,0,
1024,147,0,0,,,spectral_repair_required_unstable_pole,spectral_repair_required_unstable_pole,,,,,,,,,,,,,0,
1024,148,0,0,,,spectral_repair_required_unstable_pole,spectral_repair_required_negative_pole,,,,,,,,,,,,,0,
1024,149,0,0,,,spectral_repair_required_unstable_pole,sampled_non_positive_real,,,,,,,,,,,,,0,
1024,150,0,0,,,spectral_repair_required_unstable_pole,newton_nonconvergence,,,,,,,,,,,,,0,
1024,151,0,0,,,spectral_repair_required_unstable_pole,sampled_non_positive_real,,,,,,,,,,,,,0,
1024,152,0,0,,,spectral_repair_required_unstable_pole,spectral_repair_required_unstable_pole,,,,,,,,,,,,,0,
1024,153,0,0,,,spectral_repair_required_unstable_pole,spectral_repair_required_unstable_pole,,,,,,,,,,,,,0,
1024,154,0,0,,,spectral_repair_required_unstable_pole,sampled_non_positive_real,,,,,,,,,,,,,0,
1024,155,0,0,,,spectral_repair_required_unstable_pole,sampled_non_positive_real,,,,,,,,,,,,,0,
1024,156,0,0,,,spectral_repair_required_unstable_pole,spectral_repair_required_negative_pole,,,,,,,,,,,,,0,
1024,157,0,0,,,spectral_repair_required_unstable_pole,sampled_non_positive_real,,,,,,,,,,,,,0,
1024,158,1,0,4,4.2,spectral_repair_required_unstable_pole,accepted,0.044752934787424634,1.4820925680459502,0,0.4397229080373813,0.007165482639587051,3.001217487054815e-06,8.64442489944963e-16,8.775578341289118e-11,1.609823385706477e-15,0.002533380682463282,4,-0.25361778342608776,0,0.3142334610318723
1024,159,0,0,,,spectral_repair_required_unstable_pole,spectral_repair_required_negative_pole,,,,,,,,,,,,,0,
1024,160,0,0,,,sampled_non_positive_real,sampled_non_positive_real,,,,,,,,,,,,,0,
1024,161,0,0,,,sampled_non_positive_real,sampled_non_positive_real,,,,,,,,,,,,,0,
1024,162,0,0,,,spectral_repair_required_unstable_pole,spectral_repair_required_unstable_pole,,,,,,,,,,,,,0,
1024,163,0,0,,,spectral_repair_required_unstable_pole,spectral_repair_required_unstable_pole,,,,,,,,,,,,,0,
1024,164,0,0,,,spectral_repair_required_unstable_pole,spectral_repair_required_negative_pole,,,,,,,,,,,,,0,
1024,165,1,0,5,5.3999999999999995,spectral_repair_required_unstable_pole,accepted,0.015428600043543624,0.2016539091947584,0,0.19286294546413033,-0.0107862914834993,2.730039327080742e-06,1.4642217093363529e-15,6.479657349193882e-11,9.71445146547012e-16,0.0034109248594333934,4,-0.2512930523326021,0,0.47301959617250927
1024,166,0,0,,,spectral_repair_required_unstable_pole,spectral_repair_required_unstable_pole,,,,,,,,,,,,,0,
1024,167,0,0,,,spectral_repair_required_unstable_pole,sampled_non_positive_real,,,,,,,,,,,,,0,
1024,168,0,0,,,spectral_repair_required_negative_pole,sampled_non_positive_real,,,,,,,,,,,,,0,
1024,169,0,0,,,spectral_repair_required_unstable_pole,spectral_repair_required_unstable_pole,,,,,,,,,,,,,0,
1024,170,0,0,,,newton_nonconvergence,sampled_non_positive_real,,,,,,,,,,,,,0,
1024,171,0,0,,,spectral_repair_required_unstable_pole,spectral_repair_required_unstable_pole,,,,,,,,,,,,,0,
1024,172,1,0,4,4.2,spectral_repair_required_unstable_pole,accepted,0.09027843442256533,,1,0.5561755839147202,0.0315769956743126,4.861640614835246e-06,2.835181441969633e-15,1.481421994491545e-10,1.1102230246251565e-15,0.011164153885402438,5,-0.07400224152869764,0,1.3847704528525029
1024,173,1,0,6,6.6,spectral_repair_required_unstable_pole,accepted,0.015738779918219224,0.3673533140500334,0,0.2921878414298613,0.05405779556252799,9.143358091828885e-07,4.236932028205483e-15,6.499703123658925e-11,1.6930901125533637e-15,0.015605141409911967,5,-0.07824426152809932,0,2.3706383854061657
1024,174,0,0,,,spectral_repair_required_unstable_pole,sampled_non_positive_real,,,,,,,,,,,,,0,
1024,175,0,0,,,spectral_repair_required_unstable_pole,spectral_repair_required_negative_pole,,,,,,,,,,,,,0,
1024,176,0,0,,,sampled_non_positive_real,sampled_non_positive_real,,,,,,,,,,,,,0,
1024,177,0,0,,,spectral_repair_required_unstable_pole,spectral_repair_required_negative_pole,,,,,,,,,,,,,0,
1024,178,0,0,,,spectral_repair_required_unstable_pole,sampled_non_positive_real,,,,,,,,,,,,,0,
1024,179,0,0,,,newton_nonconvergence,spectral_repair_required_negative_pole,,,,,,,,,,,,,0,
1024,180,0,0,,,spectral_repair_required_unstable_pole,spectral_repair_required_unstable_pole,,,,,,,,,,,,,0,
1024,181,1,0,4,4.2,spectral_repair_required_unstable_pole,accepted,0.026877613645930897,0.600901073467864,0,0.33932969633077464,0.021968978482211132,3.3482429134596277e-06,6.425880329391634e-16,5.819408489037188e-11,1.0547118733938987e-15,0.007767206830256498,4,-0.30510833030925955,0,0.9634226319467821
1024,182,1,0,5,5.3999999999999995,spectral_repair_required_unstable_pole,accepted,0.01339162142413181,0.5251884831592022,0,0.4373745056652401,-0.04390968127804895,1.18385127008014e-05,1.0275196939441243e-14,6.692569587306594e-10,2.275957200481571e-15,0.013885460417068512,5,-0.47705803320709916,0,1.9256052683148923
1024,183,0,0,,,spectral_repair_required_unstable_pole,sampled_non_positive_real,,,,,,,,,,,,,0,
1024,184,1,0,6,6.6,spectral_repair_required_unstable_pole,accepted,0.03523530702258659,0.5692404363765199,0,0.3304562521685092,0.04129340134521042,1.8889149782221214e-06,3.5995435046193094e-14,1.315672621558772e-09,2.1371793224034263e-15,0.011920378191205862,5,-0.2122492812006273,0,1.8108715176834813
1024,185,0,0,,,spectral_repair_required_unstable_pole,spectral_repair_required_negative_pole,,,,,,,,,,,,,0,
1024,186,0,0,,,spectral_repair_required_unstable_pole,spectral_repair_required_unstable_pole,,,,,,,,,,,,,0,
1024,187,0,0,,,spectral_repair_required_unstable_pole,spectral_repair_required_negative_pole,,,,,,,,,,,,,0,
1024,188,0,0,,,spectral_repair_required_unstable_pole,sampled_non_positive_real,,,,,,,,,,,,,0,
1024,189,0,0,,,spectral_repair_required_unstable_pole,spectral_repair_required_unstable_pole,,,,,,,,,,,,,0,
1024,190,0,0,,,spectral_repair_required_unstable_pole,spectral_repair_required_negative_pole,,,,,,,,,,,,,0,
1024,191,0,0,,,spectral_repair_required_unstable_pole,spectral_repair_required_unstable_pole,,,,,,,,,,,,,0,
1024,192,0,0,,,spectral_repair_required_unstable_pole,newton_nonconvergence,,,,,,,,,,,,,0,
1024,193,0,0,,,spectral_repair_required_unstable_pole,spectral_repair_required_negative_pole,,,,,,,,,,,,,0,
1024,194,0,0,,,spectral_repair_required_unstable_pole,spectral_repair_required_unstable_pole,,,,,,,,,,,,,0,
1024,195,0,0,,,spectral_repair_required_unstable_pole,spectral_repair_required_unstable_pole,,,,,,,,,,,,,0,
1024,196,1,0,5,5.3999999999999995,spectral_repair_required_unstable_pole,accepted,0.009597622228395176,0.5689346756778708,0,0.33488130513819386,0.0034200305312056534,1.0637541702592693e-05,2.99982179075836e-14,8.589288683291431e-10,2.1094237467877974e-15,0.0010815086145922624,3,-0.10632446353469008,1,0.14998124825787865
1024,197,0,0,,,spectral_repair_required_negative_pole,spectral_repair_required_unstable_pole,,,,,,,,,,,,,0,
1024,198,0,0,,,spectral_repair_required_unstable_pole,sampled_non_positive_real,,,,,,,,,,,,,0,
1024,199,0,0,,,spectral_repair_required_unstable_pole,spectral_repair_required_unstable_pole,,,,,,,,,,,,,0,
4096,0,0,0,,,newton_nonconvergence,spectral_repair_required_unstable_pole,,,,,,,,,,,,,0,
4096,1,0,0,,,spectral_repair_required_unstable_pole,spectral_repair_required_negative_pole,,,,,,,,,,,,,0,
4096,2,0,0,,,spectral_repair_required_unstable_pole,spectral_repair_required_unstable_pole,,,,,,,,,,,,,0,
4096,3,0,0,,,spectral_repair_required_unstable_pole,spectral_repair_required_unstable_pole,,,,,,,,,,,,,0,
4096,4,0,0,,,spectral_repair_required_unstable_pole,spectral_repair_required_negative_pole,,,,,,,,,,,,,0,
4096,5,0,0,,,spectral_repair_required_unstable_pole,spectral_repair_required_unstable_pole,,,,,,,,,,,,,0,
4096,6,0,0,,,spectral_repair_required_unstable_pole,spectral_repair_required_negative_pole,,,,,,,,,,,,,0,
4096,7,0,0,,,newton_nonconvergence,spectral_repair_required_unstable_pole,,,,,,,,,,,,,0,
4096,8,0,0,,,spectral_repair_required_unstable_pole,spectral_repair_required_unstable_pole,,,,,,,,,,,,,0,
4096,9,0,0,,,spectral_repair_required_unstable_pole,spectral_repair_required_unstable_pole,,,,,,,,,,,,,0,
4096,10,0,0,,,spectral_repair_required_unstable_pole,spectral_repair_required_unstable_pole,,,,,,,,,,,,,0,
4096,11,0,0,,,spectral_repair_required_unstable_pole,spectral_repair_required_unstable_pole,,,,,,,,,,,,,0,
4096,12,1,0,5,5.3999999999999995,spectral_repair_required_unstable_pole,accepted,0.009495975080286118,0.17383349521201036,0,0.18599180154113115,0.023527557640528163,5.2917189273603035e-06,7.13905630034968e-16,4.946752880526912e-11,1.27675647831893e-15,0.007440066992496467,5,-0.04027071213750676,0,2.0650582098306844
4096,13,0,0,,,spectral_repair_required_unstable_pole,spectral_repair_required_unstable_pole,,,,,,,,,,,,,0,
4096,14,0,0,,,newton_nonconvergence,spectral_repair_required_unstable_pole,,,,,,,,,,,,,0,
4096,15,0,0,,,spectral_repair_required_unstable_pole,spectral_repair_required_negative_pole,,,,,,,,,,,,,0,
4096,16,0,0,,,spectral_repair_required_unstable_pole,sampled_non_positive_real,,,,,,,,,,,,,0,
4096,17,0,0,,,spectral_repair_required_unstable_pole,spectral_repair_required_unstable_pole,,,,,,,,,,,,,0,
4096,18,0,0,,,spectral_repair_required_unstable_pole,sampled_non_positive_real,,,,,,,,,,,,,0,
4096,19,0,0,,,spectral_repair_required_unstable_pole,spectral_repair_required_negative_pole,,,,,,,,,,,,,0,
4096,20,0,0,,,spectral_repair_required_unstable_pole,spectral_repair_required_unstable_pole,,,,,,,,,,,,,0,
4096,21,0,0,,,spectral_repair_required_unstable_pole,sampled_non_positive_real,,,,,,,,,,,,,0,
4096,22,0,0,,,spectral_repair_required_unstable_pole,spectral_repair_required_negative_pole,,,,,,,,,,,,,0,
4096,23,1,0,5,5.3999999999999995,spectral_repair_required_unstable_pole,accepted,0.012620012637584199,0.22867980750605704,0,0.22481418461928773,0.04726962650028499,4.004446360441831e-07,2.4696419263493885e-15,1.4180184841899833e-10,1.582067810090848e-15,0.014947968388635479,5,-0.35529218401609325,0,4.148944474878026
4096,24,0,0,,,spectral_repair_required_unstable_pole,spectral_repair_required_unstable_pole,,,,,,,,,,,,,0,
4096,25,1,0,7,7.8,spectral_repair_required_unstable_pole,accepted,0.006941210532815097,0.3059051231384316,0,0.3194107042838833,0.0008566686654345457,3.5829916310675823e-06,1.2153896764626338e-12,1.8702440630421618e-08,1.1952418221827799e-13,0.00022895433143075406,3,-0.4459035856968275,0,0.07519142818347341
4096,26,0,0,,,spectral_repair_required_unstable_pole,sampled_non_positive_real,,,,,,,,,,,,,0,
4096,27,0,0,,,spectral_repair_required_unstable_pole,sampled_non_positive_real,,,,,,,,,,,,,0,
4096,28,0,0,,,newton_nonconvergence,spectral_repair_required_unstable_pole,,,,,,,,,,,,,0,
4096,29,0,0,,,spectral_repair_required_unstable_pole,sampled_non_positive_real,,,,,,,,,,,,,0,
4096,30,0,0,,,spectral_repair_required_unstable_pole,spectral_repair_required_negative_pole,,,,,,,,,,,,,0,
4096,31,0,0,,,spectral_repair_required_unstable_pole,sampled_non_positive_real,,,,,,,,,,,,,0,
4096,32,0,0,,,spectral_repair_required_unstable_pole,spectral_repair_required_unstable_pole,,,,,,,,,,,,,0,
4096,33,0,0,,,spectral_repair_required_unstable_pole,spectral_repair_required_negative_pole,,,,,,,,,,,,,0,
4096,34,0,0,,,spectral_repair_required_unstable_pole,sampled_non_positive_real,,,,,,,,,,,,,0,
4096,35,0,0,,,spectral_repair_required_unstable_pole,sampled_non_positive_real,,,,,,,,,,,,,0,
4096,36,0,0,,,spectral_repair_required_unstable_pole,sampled_non_positive_real,,,,,,,,,,,,,0,
4096,37,0,0,,,spectral_repair_required_unstable_pole,spectral_repair_required_unstable_pole,,,,,,,,,,,,,0,
4096,38,0,0,,,spectral_repair_required_unstable_pole,spectral_repair_required_unstable_pole,,,,,,,,,,,,,0,
4096,39,0,0,,,spectral_repair_required_unstable_pole,spectral_repair_required_unstable_pole,,,,,,,,,,,,,0,
4096,40,0,0,,,spectral_repair_required_negative_pole,spectral_repair_required_negative_pole,,,,,,,,,,,,,0,
4096,41,0,0,,,spectral_repair_required_unstable_pole,spectral_repair_required_unstable_pole,,,,,,,,,,,,,0,
4096,42,0,0,,,spectral_repair_required_unstable_pole,spectral_repair_required_unstable_pole,,,,,,,,,,,,,0,
4096,43,0,0,,,spectral_repair_required_unstable_pole,sampled_non_positive_real,,,,,,,,,,,,,0,
4096,44,1,0,5,5.3999999999999995,spectral_repair_required_unstable_pole,accepted,0.008931096607370417,0.20555668052834583,0,0.21020070814182598,-0.0015652836966093542,7.659006088840202e-06,1.5710734600032811e-15,5.1845924160756187e-11,1.609823385706477e-15,0.0004949861665615647,3,-0.34758650088584986,0,0.13738790901224654
4096,45,0,0,,,spectral_repair_required_unstable_pole,sampled_non_positive_real,,,,,,,,,,,,,0,
4096,46,0,0,,,spectral_repair_required_unstable_pole,spectral_repair_required_unstable_pole,,,,,,,,,,,,,0,
4096,47,0,0,,,spectral_repair_required_unstable_pole,spectral_repair_required_unstable_pole,,,,,,,,,,,,,0,
4096,48,1,0,5,5.3999999999999995,newton_nonconvergence,accepted,0.011570495775322875,0.3102162987174394,0,0.2574079517684042,0.014363237104221938,7.005113147800937e-06,1.2514656330781522e-15,6.969066498820796e-11,1.1934897514720433e-15,0.00454205438223847,4,-0.07293155897523895,0,1.2606884724288097
4096,49,1,0,7,7.8,spectral_repair_required_unstable_pole,accepted,0.006552469126442518,0.214044429777229,0,0.21944259710388372,-0.009137998639632383,9.725455614706478e-06,1.669141950257982e-14,4.150417879534495e-10,4.093947403305265e-15,0.0024422328650218687,4,-0.03394508598947263,0,0.8020594147727635
4096,50,0,0,,,spectral_repair_required_negative_pole,spectral_repair_required_unstable_pole,,,,,,,,,,,,,0,
4096,51,0,0,,,spectral_repair_required_unstable_pole,sampled_non_positive_real,,,,,,,,,,,,,0,
4096,52,0,0,,,spectral_repair_required_unstable_pole,spectral_repair_required_unstable_pole,,,,,,,,,,,,,0,
4096,53,0,0,,,spectral_repair_required_unstable_pole,spectral_repair_required_unstable_pole,,,,,,,,,,,,,0,
4096,54,1,0,5,5.3999999999999995,spectral_repair_required_unstable_pole,accepted,0.011495910809819616,0.44162566666459624,0,0.2926487133807555,0.002013162678124236,2.0628235330277576e-05,4.3295851141090056e-14,3.2843293487377023e-09,3.329281295094688e-14,0.0006366179363317369,4,-0.2071258840803631,0,0.176699093875511
4096,55,0,0,,,spectral_repair_required_unstable_pole,spectral_repair_required_unstable_pole,,,,,,,,,,,,,0,
4096,56,0,0,,,spectral_repair_required_unstable_pole,spectral_repair_required_negative_pole,,,,,,,,,,,,,0,
4096,57,0,0,,,spectral_repair_required_unstable_pole,spectral_repair_required_unstable_pole,,,,,,,,,,,,,0,
4096,58,0,0,,,spectral_repair_required_unstable_pole,sampled_non_positive_real,,,,,,,,,,,,,0,
4096,59,1,0,5,5.3999999999999995,spectral_repair_required_unstable_pole,accepted,0.01193229847400632,0.19039919300163283,0,0.1992575422553009,0.013223700884750333,1.3700833343720701e-05,6.542784579969294e-15,2.7861462697067293e-10,1.5681900222830336e-15,0.00418170138925927,5,-0.0528917471102443,0,1.1606692243039785
4096,60,0,0,,,spectral_repair_required_unstable_pole,spectral_repair_required_unstable_pole,,,,,,,,,,,,,0,
4096,61,0,0,,,spectral_repair_required_unstable_pole,spectral_repair_required_negative_pole,,,,,,,,,,,,,0,
4096,62,0,0,,,spectral_repair_required_negative_pole,sampled_non_positive_real,,,,,,,,,,,,,0,
4096,63,1,0,9,10.2,spectral_repair_required_unstable_pole,accepted,0.013257548495524376,,1,0.6348405290816098,-0.06796812496360749,9.21737719847439e-06,2.158451317090102e-13,5.294258738365106e-09,1.0605093192506132e-12,0.016020240688766493,4,-0.18481827791144242,0,5.965690812764903
4096,64,0,0,,,spectral_repair_required_unstable_pole,sampled_non_positive_real,,,,,,,,,,,,,0,
4096,65,0,0,,,spectral_repair_required_unstable_pole,spectral_repair_required_unstable_pole,,,,,,,,,,,,,0,
4096,66,0,0,,,spectral_repair_required_unstable_pole,spectral_repair_required_unstable_pole,,,,,,,,,,,,,0,
4096,67,0,0,,,spectral_repair_required_unstable_pole,newton_nonconvergence,,,,,,,,,,,,,0,
4096,68,0,0,,,spectral_repair_required_unstable_pole,sampled_non_positive_real,,,,,,,,,,,,,0,
4096,69,0,0,,,spectral_repair_required_unstable_pole,spectral_repair_required_negative_pole,,,,,,,,,,,,,0,
4096,70,0,0,,,spectral_repair_required_unstable_pole,spectral_repair_required_unstable_pole,,,,,,,,,,,,,0,
4096,71,0,0,,,spectral_repair_required_unstable_pole,spectral_repair_required_unstable_pole,,,,,,,,,,,,,0,
4096,72,0,0,,,newton_nonconvergence,spectral_repair_required_unstable_pole,,,,,,,,,,,,,0,
4096,73,0,0,,,spectral_repair_required_unstable_pole,sampled_non_positive_real,,,,,,,,,,,,,0,
4096,74,1,0,7,7.8,spectral_repair_required_unstable_pole,accepted,0.011386285983586058,0.3068817461376889,0,0.337214207901031,-0.004410445132133289,1.0612232361469519e-06,6.239333287700119e-13,4.5157559406816165e-09,1.7040188704520176e-14,0.001178741043401321,3,-0.2815765417561821,0,0.3871131066078293
4096,75,0,0,,,spectral_repair_required_unstable_pole,spectral_repair_required_negative_pole,,,,,,,,,,,,,0,
4096,76,0,0,,,spectral_repair_required_negative_pole,spectral_repair_required_negative_pole,,,,,,,,,,,,,0,
4096,77,0,0,,,spectral_repair_required_unstable_pole,spectral_repair_required_negative_pole,,,,,,,,,,,,,0,
4096,78,0,0,,,spectral_repair_required_unstable_pole,sampled_non_positive_real,,,,,,,,,,,,,0,
4096,79,0,0,,,newton_nonconvergence,spectral_repair_required_unstable_pole,,,,,,,,,,,,,0,
4096,80,0,0,,,spectral_repair_required_unstable_pole,spectral_repair_required_unstable_pole,,,,,,,,,,,,,0,
4096,81,0,0,,,spectral_repair_required_unstable_pole,spectral_repair_required_negative_pole,,,,,,,,,,,,,0,
4096,82,1,0,4,4.2,spectral_repair_required_unstable_pole,accepted,0.017381351352258587,0.5582547586560249,0,0.33203746903251674,0.037020397729445875,1.6769566555571753e-06,6.324679038885917e-16,6.242479260086944e-11,1.2490009027033011e-15,0.01308868713835728,5,-0.3624830956354167,0,3.249350290856338
4096,83,0,0,,,spectral_repair_required_unstable_pole,sampled_non_positive_real,,,,,,,,,,,,,0,
4096,84,0,0,,,newton_nonconvergence,sampled_non_positive_real,,,,,,,,,,,,,0,
4096,85,0,0,,,spectral_repair_required_unstable_pole,spectral_repair_required_unstable_pole,,,,,,,,,,,,,0,
4096,86,1,0,5,5.3999999999999995,spectral_repair_required_negative_pole,accepted,0.009960198427313932,0.24205283022869573,0,0.2285799234706569,0.020685485130095604,4.590666920113324e-06,1.593508487017428e-14,1.391776572118866e-09,1.7159884624362576e-13,0.0065413247516644775,4,-0.15694555683521957,0,1.8156041330295745
4096,87,0,0,,,spectral_repair_required_unstable_pole,spectral_repair_required_unstable_pole,,,,,,,,,,,,,0,
4096,88,0,0,,,spectral_repair_required_unstable_pole,spectral_repair_required_unstable_pole,,,,,,,,,,,,,0,
4096,89,0,0,,,spectral_repair_required_unstable_pole,spectral_repair_required_negative_pole,,,,,,,,,,,,,0,
4096,90,0,0,,,spectral_repair_required_unstable_pole,sampled_non_positive_real,,,,,,,,,,,,,0,
4096,91,0,0,,,spectral_repair_required_unstable_pole,spectral_repair_required_unstable_pole,,,,,,,,,,,,,0,
4096,92,0,0,,,spectral_repair_required_unstable_pole,spectral_repair_required_negative_pole,,,,,,,,,,,,,0,
4096,93,0,0,,,spectral_repair_required_unstable_pole,spectral_repair_required_unstable_pole,,,,,,,,,,,,,0,
4096,94,0,0,,,newton_nonconvergence,spectral_repair_required_negative_pole,,,,,,,,,,,,,0,
4096,95,0,0,,,sampled_non_positive_real,spectral_repair_required_unstable_pole,,,,,,,,,,,,,0,
4096,96,0,0,,,spectral_repair_required_unstable_pole,spectral_repair_required_negative_pole,,,,,,,,,,,,,0,
4096,97,0,0,,,spectral_repair_required_unstable_pole,sampled_non_positive_real,,,,,,,,,,,,,0,
4096,98,0,0,,,spectral_repair_required_unstable_pole,spectral_repair_required_negative_pole,,,,,,,,,,,,,0,
4096,99,0,0,,,spectral_repair_required_unstable_pole,sampled_non_positive_real,,,,,,,,,,,,,0,
4096,100,0,0,,,spectral_repair_required_unstable_pole,spectral_repair_required_unstable_pole,,,,,,,,,,,,,0,
4096,101,0,0,,,spectral_repair_required_unstable_pole,spectral_repair_required_unstable_pole,,,,,,,,,,,,,0,
4096,102,1,0,5,5.3999999999999995,spectral_repair_required_unstable_pole,accepted,0.010939951019736717,0.2638881869769386,0,0.22727395260671615,0.03606762656713203,2.9548010658100502e-06,2.480652144458968e-15,1.2413423083179567e-10,1.3877787807814457e-15,0.011405584974853784,5,-0.25932194934915254,0,3.165723764852767
4096,103,0,0,,,spectral_repair_required_unstable_pole,spectral_repair_required_negative_pole,,,,,,,,,,,,,0,
4096,104,0,0,,,spectral_repair_required_unstable_pole,sampled_non_positive_real,,,,,,,,,,,,,0,
4096,105,0,0,,,spectral_repair_required_unstable_pole,spectral_repair_required_unstable_pole,,,,,,,,,,,,,0,
4096,106,1,0,5,5.3999999999999995,spectral_repair_required_unstable_pole,accepted,0.011030532353812881,0.20262626909710088,0,0.21815921541718916,0.004312334369954596,1.2274294574613247e-05,1.8453283541611425e-15,7.635134076102254e-11,9.992007221626409e-16,0.0013636798641285456,4,-0.348407334583241,0,0.3785017395460458
4096,107,0,0,,,spectral_repair_required_unstable_pole,sampled_non_positive_real,,,,,,,,,,,,,0,
4096,108,1,0,5,5.3999999999999995,spectral_repair_required_unstable_pole,accepted,0.010822201286551038,0.37694202633194585,0,0.27258448821772974,0.03478850594401883,8.264281787485504e-06,1.6569869428328166e-15,1.1157990964785487e-10,1.2490009027033011e-15,0.011001091517740353,7,-0.41626049683730826,0,3.0534529297545454
4096,109,0,0,,,spectral_repair_required_unstable_pole,sampled_non_positive_real,,,,,,,,,,,,,0,
4096,110,1,0,5,5.3999999999999995,spectral_repair_required_unstable_pole,accepted,0.012391291355228862,0.1808723461632773,0,0.20329004471735668,0.0033603552255536684,7.576650358589926e-06,1.9852513790938515e-15,8.223050399327099e-11,1.6375789613221059e-15,0.0010626376259996685,3,-0.3249861364796355,0,0.29494473045189684
4096,111,0,0,,,spectral_repair_required_unstable_pole,spectral_repair_required_negative_pole,,,,,,,,,,,,,0,
4096,112,1,0,7,7.8,spectral_repair_required_unstable_pole,accepted,0.00808041515062241,0.29046493529918194,0,0.32027999757457715,-0.019833457547503097,7.921523364814764e-06,3.699343085231685e-13,7.048229652685729e-09,8.30308044541539e-14,0.005300714495563055,4,-0.27247450129610506,0,1.7408200614604972
4096,113,0,0,,,spectral_repair_required_unstable_pole,spectral_repair_required_unstable_pole,,,,,,,,,,,,,0,
4096,114,1,0,5,5.3999999999999995,spectral_repair_required_unstable_pole,accepted,0.010276611223686798,0.2137083626290271,0,0.21186540800039638,0.040004286729630634,4.43045493741554e-06,2.477671144805559e-15,1.1248758808170326e-10,1.5543122344752192e-15,0.012650466223608306,5,-0.2647004886856108,0,3.5112518690482286
4096,115,1,0,5,5.3999999999999995,spectral_repair_required_unstable_pole,accepted,0.00961885895181421,0.2021486721064977,0,0.22584964494470167,0.039417445499821735,5.56865640145438e-06,6.740434537926516e-15,2.4162845755189724e-10,2.5923707624997405e-14,0.012464890732499229,4,-0.05506231505998911,0,3.4597437049625324
4096,116,1,0,5,5.3999999999999995,spectral_repair_required_unstable_pole,accepted,0.009970264343249042,0.36311722515086076,0,0.26492502949480273,0.010757756531583174,1.08681125350494e-05,1.5607576179245724e-15,9.324895320807851e-11,5.585809592645319e-16,0.0034019013153355235,5,-0.09444898684719139,0,0.9442286268863561
4096,117,0,0,,,spectral_repair_required_unstable_pole,spectral_repair_required_unstable_pole,,,,,,,,,,,,,0,
4096,118,1,0,5,5.3999999999999995,spectral_repair_required_unstable_pole,accepted,0.008456120675051441,0.2465629146925654,0,0.2624441045287204,0.013635900753129704,9.02313463761999e-06,9.196105383803585e-15,3.038987246490876e-10,1.2958384365546749e-15,0.004312050432789734,3,-0.5042363075595041,0,1.1968487859607164
4096,119,0,0,,,spectral_repair_required_unstable_pole,sampled_non_positive_real,,,,,,,,,,,,,0,
4096,120,0,0,,,spectral_repair_required_unstable_pole,spectral_repair_required_unstable_pole,,,,,,,,,,,,,0,
4096,121,1,0,4,4.2,spectral_repair_required_unstable_pole,accepted,0.03154890593859656,,1,0.4278801503669882,-0.005700433034642627,1.2646338326209476e-05,3.166569383806031e-15,1.167948871681316e-10,2.275957200481571e-15,0.0020154074272478056,4,-0.24438436960680587,0,0.5003377833617982
4096,122,1,0,4,4.2,spectral_repair_required_unstable_pole,accepted,0.013793195932974012,0.5660781276077401,0,0.3538724626944337,0.032029267452994836,1.874737797933491e-06,4.6166125174815034e-15,2.3118703337002215e-10,8.326672684688674e-16,0.011324056106225035,4,-0.3968289259505582,0,2.811269351423632
4096,123,0,0,,,spectral_repair_required_unstable_pole,spectral_repair_required_negative_pole,,,,,,,,,,,,,0,
4096,124,0,0,,,spectral_repair_required_unstable_pole,sampled_non_positive_real,,,,,,,,,,,,,0,
4096,125,0,0,,,spectral_repair_required_unstable_pole,sampled_non_positive_real,,,,,,,,,,,,,0,
4096,126,1,0,7,7.8,spectral_repair_required_unstable_pole,accepted,0.010659032573215843,0.19993666066013385,0,0.21174572749960374,0.009865972131041123,7.92203932336056e-06,6.7806024809296885e-15,3.4515652199063013e-10,1.4095842548744741e-13,0.0026367919644152108,3,-0.18219527072651437,0,0.8659550242508657
4096,127,0,0,,,spectral_repair_required_unstable_pole,spectral_repair_required_unstable_pole,,,,,,,,,,,,,0,
4096,128,0,0,,,spectral_repair_required_unstable_pole,spectral_repair_required_unstable_pole,,,,,,,,,,,,,0,
4096,129,0,0,,,spectral_repair_required_unstable_pole,spectral_repair_required_unstable_pole,,,,,,,,,,,,,0,
4096,130,0,0,,,spectral_repair_required_unstable_pole,newton_nonconvergence,,,,,,,,,,,,,0,
4096,131,0,0,,,newton_nonconvergence,spectral_repair_required_unstable_pole,,,,,,,,,,,,,0,
4096,132,0,0,,,spectral_repair_required_unstable_pole,spectral_repair_required_negative_pole,,,,,,,,,,,,,0,
4096,133,0,0,,,spectral_repair_required_unstable_pole,spectral_repair_required_negative_pole,,,,,,,,,,,,,0,
4096,134,0,0,,,spectral_repair_required_unstable_pole,spectral_repair_required_unstable_pole,,,,,,,,,,,,,0,
4096,135,0,0,,,spectral_repair_required_unstable_pole,spectral_repair_required_unstable_pole,,,,,,,,,,,,,0,
4096,136,1,0,7,7.8,spectral_repair_required_unstable_pole,accepted,0.010663624273326138,0.2441399605822074,0,0.2466282758695823,0.04495012061022674,1.6845641706729543e-06,2.5568694204602283e-15,9.05822301837629e-11,1.5005358067199381e-15,0.012013425058402314,4,-0.2212351844907956,0,3.9453570581899293
4096,137,1,0,4,4.2,spectral_repair_required_unstable_pole,accepted,0.022763268615161134,0.8700558567393061,0,0.38772146829992526,0.029333844983270296,1.995696947341778e-06,8.295679100460486e-16,2.89520429800544e-11,1.1657341758564144e-15,0.010371080352972746,4,-0.32268189206764575,0,2.5746870259178807
4096,138,0,0,,,spectral_repair_required_unstable_pole,spectral_repair_required_unstable_pole,,,,,,,,,,,,,0,
4096,139,0,0,,,spectral_repair_required_unstable_pole,spectral_repair_required_unstable_pole,,,,,,,,,,,,,0,
4096,140,0,0,,,spectral_repair_required_unstable_pole,spectral_repair_required_unstable_pole,,,,,,,,,,,,,0,
4096,141,1,0,5,5.3999999999999995,spectral_repair_required_unstable_pole,accepted,0.010448136905998736,0.2823599636957546,0,0.2659233422937097,-0.008232656440722907,1.4852952923540277e-05,3.898673979379187e-15,1.6081234530081725e-10,1.8318679906315083e-15,0.002603394554633832,5,-0.4237668408281967,0,0.7225958185453479
4096,142,0,0,,,spectral_repair_required_unstable_pole,spectral_repair_required_unstable_pole,,,,,,,,,,,,,0,
4096,143,0,0,,,spectral_repair_required_unstable_pole,sampled_non_positive_real,,,,,,,,,,,,,0,
4096,144,0,0,,,spectral_repair_required_unstable_pole,spectral_repair_required_negative_pole,,,,,,,,,,,,,0,
4096,145,0,0,,,spectral_repair_required_unstable_pole,sampled_non_positive_real,,,,,,,,,,,,,0,
4096,146,0,0,,,spectral_repair_required_unstable_pole,unstable_auxiliary_block,,,,,,,,,,,,,0,
4096,147,0,0,,,spectral_repair_required_unstable_pole,spectral_repair_required_negative_pole,,,,,,,,,,,,,0,
4096,148,0,0,,,spectral_repair_required_unstable_pole,spectral_repair_required_unstable_pole,,,,,,,,,,,,,0,
4096,149,1,0,7,7.8,spectral_repair_required_unstable_pole,accepted,0.01086260078527853,0.5380141434343514,0,0.515852355464087,-0.04908446309152148,3.457408039196992e-06,3.6179156780020755e-13,3.6125141555946283e-09,5.5745338900514696e-15,0.013118374564444618,8,-0.06977655320780043,0,4.3082361131982845
4096,150,0,0,,,spectral_repair_required_unstable_pole,spectral_repair_required_unstable_pole,,,,,,,,,,,,,0,
4096,151,0,0,,,spectral_repair_required_unstable_pole,spectral_repair_required_negative_pole,,,,,,,,,,,,,0,
4096,152,1,0,5,5.3999999999999995,spectral_repair_required_unstable_pole,accepted,0.0073614828958582425,0.26142962444649054,0,0.24071768994426337,0.01732851334078156,6.935130530207086e-06,5.04876895886056e-15,2.988998864385985e-10,3.516353874744027e-13,0.00547975706214808,4,-0.47436918974195924,0,1.5209563731723659
4096,153,0,0,,,spectral_repair_required_unstable_pole,sampled_non_positive_real,,,,,,,,,,,,,0,
4096,154,0,0,,,spectral_repair_required_unstable_pole,spectral_repair_required_unstable_pole,,,,,,,,,,,,,0,
4096,155,1,0,5,5.3999999999999995,spectral_repair_required_unstable_pole,accepted,0.009342709621639146,0.18732814041982856,0,0.2122774274357061,0.026311178895094378,7.323306922759259e-06,6.734216517440766e-14,2.1325110735335834e-09,4.78766332134839e-13,0.008320325323264788,5,-0.2854709997069011,0,2.309381909410073
4096,156,1,0,7,7.8,spectral_repair_required_unstable_pole,accepted,0.008634653755974567,0.14645303229504364,0,0.16242675169410165,0.009366465197669926,6.096652560712808e-06,2.9160531357399034e-15,1.7882227707097016e-10,4.773959005888173e-15,0.002503293121059033,3,-0.07458638711603999,0,0.8221123564573896
4096,157,0,0,,,spectral_repair_required_unstable_pole,sampled_non_positive_real,,,,,,,,,,,,,0,
4096,158,0,0,,,spectral_repair_required_unstable_pole,spectral_repair_required_unstable_pole,,,,,,,,,,,,,0,
4096,159,0,0,,,spectral_repair_required_unstable_pole,sampled_non_positive_real,,,,,,,,,,,,,0,
4096,160,1,0,7,7.8,spectral_repair_required_unstable_pole,accepted,0.009726670838083288,0.2676833846471603,0,0.24703728195615376,0.03519394870891501,1.616192580023842e-06,4.2996218899754446e-14,1.7636175133754685e-09,1.6153745008296028e-14,0.009405978439747177,4,-0.16861108936978356,0,3.0890394076651577
4096,161,0,0,,,spectral_repair_required_unstable_pole,spectral_repair_required_unstable_pole,,,,,,,,,,,,,0,
4096,162,1,0,5,5.3999999999999995,spectral_repair_required_unstable_pole,accepted,0.014365194874189557,0.186261471533102,0,0.19260319667208403,0.024612665026493397,3.883437596779928e-06,3.866299782597518e-12,1.3505327318243031e-08,2.3077310895569525e-11,0.007783208077041777,4,-0.25131595269667806,0,2.160300136348184
4096,163,0,0,,,spectral_repair_required_unstable_pole,spectral_repair_required_negative_pole,,,,,,,,,,,,,0,
4096,164,0,0,,,spectral_repair_required_unstable_pole,spectral_repair_required_negative_pole,,,,,,,,,,,,,0,
4096,165,0,0,,,sampled_non_positive_real,sampled_non_positive_real,,,,,,,,,,,,,0,
4096,166,1,0,5,5.3999999999999995,spectral_repair_required_unstable_pole,accepted,0.010586258925152888,0.18472342601008224,0,0.19185538955533032,0.038432183213007454,3.7865080338042102e-06,2.103389233652763e-15,9.408958562344252e-11,1.8041124150158794e-15,0.012153323440599027,5,-0.37321570012120275,0,3.373265371541405
4096,167,0,0,,,spectral_repair_required_unstable_pole,sampled_non_positive_real,,,,,,,,,,,,,0,
4096,168,1,0,5,5.3999999999999995,spectral_repair_required_unstable_pole,accepted,0.008720834023571546,0.2729253819204972,0,0.23635936240934202,0.024392754630926494,5.257525781339667e-06,9.335326988569947e-16,5.619034940296574e-11,1.7208456881689926e-15,0.0077136663039344125,5,-0.24464844900448396,0,2.1409981852178945
4096,169,0,0,,,spectral_repair_required_unstable_pole,spectral_repair_required_negative_pole,,,,,,,,,,,,,0,
4096,170,0,0,,,spectral_repair_required_unstable_pole,sampled_non_positive_real,,,,,,,,,,,,,0,
4096,171,0,0,,,spectral_repair_required_negative_pole,sampled_non_positive_real,,,,,,,,,,,,,0,
4096,172,0,0,,,newton_nonconvergence,sampled_non_positive_real,,,,,,,,,,,,,0,
4096,173,0,0,,,spectral_repair_required_unstable_pole,spectral_repair_required_unstable_pole,,,,,,,,,,,,,0,
4096,174,0,0,,,spectral_repair_required_unstable_pole,spectral_repair_required_unstable_pole,,,,,,,,,,,,,0,
4096,175,0,0,,,spectral_repair_required_unstable_pole,spectral_repair_required_negative_pole,,,,,,,,,,,,,0,
4096,176,0,0,,,spectral_repair_required_unstable_pole,sampled_non_positive_real,,,,,,,,,,,,,0,
4096,177,0,0,,,spectral_repair_required_unstable_pole,sampled_non_positive_real,,,,,,,,,,,,,0,
4096,178,1,0,5,5.3999999999999995,spectral_repair_required_unstable_pole,accepted,0.011690653993128011,0.3102165211501233,0,0.28300167061158754,-0.004179143172134303,8.979573971866641e-06,1.2145657218789324e-14,6.936863010935458e-10,4.6028719030699605e-15,0.0013215611091883766,3,-0.43162131704014844,0,0.36681129633309684
4096,179,0,0,,,spectral_repair_required_unstable_pole,spectral_repair_required_negative_pole,,,,,,,,,,,,,0,
4096,180,0,0,,,spectral_repair_required_unstable_pole,spectral_repair_required_negative_pole,,,,,,,,,,,,,0,
4096,181,0,0,,,newton_nonconvergence,spectral_repair_required_unstable_pole,,,,,,,,,,,,,0,
4096,182,0,0,,,spectral_repair_required_negative_pole,spectral_repair_required_negative_pole,,,,,,,,,,,,,0,
4096,183,0,0,,,spectral_repair_required_negative_pole,spectral_repair_required_unstable_pole,,,,,,,,,,,,,0,
4096,184,0,0,,,spectral_repair_required_unstable_pole,spectral_repair_required_unstable_pole,,,,,,,,,,,,,0,
4096,185,1,0,5,5.3999999999999995,spectral_repair_required_unstable_pole,accepted,0.008959857228216536,0.2913644955060297,0,0.24821292378458054,0.025958045092943194,3.5047814505060113e-06,1.1789587104153682e-15,6.211916215375104e-11,8.881784197001252e-16,0.008208654609905768,4,-0.3448430544951512,0,2.278386688042733
4096,186,1,0,5,5.3999999999999995,spectral_repair_required_unstable_pole,accepted,0.011275158062454688,0.15322877701536677,0,0.15158529605401488,0.012753182383448913,6.671149409499556e-06,2.5961479991282414e-15,1.154261484977537e-10,2.067790383364354e-14,0.004032910374723307,4,-0.3589755266933706,0,1.1193709259920455
4096,187,0,0,,,spectral_repair_required_unstable_pole,sampled_non_positive_real,,,,,,,,,,,,,0,
4096,188,0,0,,,spectral_repair_required_unstable_pole,spectral_repair_required_unstable_pole,,,,,,,,,,,,,0,
4096,189,1,0,5,5.3999999999999995,newton_nonconvergence,accepted,0.010574994068389977,0.2719044642361172,0,0.25773546469943365,0.02044487822157215,6.541558180039938e-06,2.288573023471414e-15,1.1196295549902798e-10,2.787700625894729e-15,0.006465238166493888,5,-0.20736616764787333,0,1.7944856098330806
4096,190,0,0,,,spectral_repair_required_unstable_pole,spectral_repair_required_negative_pole,,,,,,,,,,,,,0,
4096,191,0,0,,,spectral_repair_required_unstable_pole,spectral_repair_required_unstable_pole,,,,,,,,,,,,,0,
4096,192,0,0,,,spectral_repair_required_unstable_pole,spectral_repair_required_negative_pole,,,,,,,,,,,,,0,
4096,193,0,0,,,spectral_repair_required_unstable_pole,sampled_non_positive_real,,,,,,,,,,,,,0,
4096,194,0,0,,,spectral_repair_required_unstable_pole,sampled_non_positive_real,,,,,,,,,,,,,0,
4096,195,0,0,,,spectral_repair_required_unstable_pole,sampled_non_positive_real,,,,,,,,,,,,,0,
4096,196,0,0,,,spectral_repair_required_unstable_pole,spectral_repair_required_negative_pole,,,,,,,,,,,,,0,
4096,197,0,0,,,newton_nonconvergence,spectral_repair_required_negative_pole,,,,,,,,,,,,,0,
4096,198,0,0,,,spectral_repair_required_unstable_pole,spectral_repair_required_negative_pole,,,,,,,,,,,,,0,
4096,199,1,0,9,10.2,spectral_repair_required_unstable_pole,accepted,0.008863968645087188,0.28515273243984485,0,0.2516471732180882,0.021129385491370223,5.072968288464974e-06,3.3475873525302905e-13,2.3140381069388267e-09,2.313635394379787e-13,0.004980243921084231,4,-0.0334786845895273,0,1.854566106873298
